Date,Gold Price (INR / 10gms),Silver Price (INR / 1kg),Price_Nifty,Price_Sensex
02-01-2018,26941.49638,35030.82415,"10,435.55","33,812.75"
03-01-2018,26793.886,34895.83221,"10,435.55","33,812.75"
04-01-2018,26802.26006,34927.55533,"10,435.55","33,812.75"
05-01-2018,26835.32914,34951.22586,"10,435.55","33,812.75"
06-01-2018,26835.32914,34951.22586,"10,435.55","33,812.75"
07-01-2018,26835.32914,34951.22586,"10,435.55","33,812.75"
08-01-2018,26847.9867,34924.04497,"10,435.55","33,812.75"
09-01-2018,26744.67861,34792.56245,"10,435.55","33,812.75"
10-01-2018,27001.16849,35057.02005,"10,435.55","33,812.75"
11-01-2018,27121.59897,34869.30943,"10,435.55","33,812.75"
12-01-2018,27160.97619,35046.42089,"10,435.55","33,812.75"
13-01-2018,27160.97619,35046.42089,"10,435.55","33,812.75"
14-01-2018,27160.97619,35046.42089,"10,435.55","33,812.75"
15-01-2018,27379.8447,35419.51162,"10,442.20","33,812.26"
16-01-2018,27241.0144,34912.85686,"10,443.20","33,793.38"
17-01-2018,27480.50481,35408.93855,"10,504.80","33,969.64"
18-01-2018,27337.00913,35069.02011,"10,558.85","34,153.85"
19-01-2018,27411.72257,34989.75636,"10,623.60","34,352.79"
20-01-2018,27411.72257,34989.75636,"10,623.60","34,352.79"
21-01-2018,27411.72257,34989.75636,"10,623.60","34,352.79"
22-01-2018,27348.2587,34960.04705,"10,637.00","34,443.19"
23-01-2018,27385.25418,34873.37753,"10,632.20","34,433.07"
24-01-2018,27745.63732,35232.88066,"10,651.20","34,503.49"
25-01-2018,27696.19998,35812.20146,"10,681.25","34,592.39"
26-01-2018,27657.62249,35564.61821,"10,681.25","34,592.39"
27-01-2018,27657.62249,35564.61821,"10,681.25","34,592.39"
28-01-2018,27657.62249,35564.61821,"10,681.25","34,592.39"
29-01-2018,27465.89435,35429.64457,"10,741.55","34,843.51"
30-01-2018,27530.33412,35403.16221,"10,700.45","34,771.05"
31-01-2018,27576.90887,35325.83471,"10,788.55","35,081.82"
01-02-2018,27455.76835,35185.79476,"10,817.00","35,260.29"
02-02-2018,27379.65778,35243.99475,"10,894.70","35,511.58"
03-02-2018,27379.65778,35243.99475,"10,894.70","35,511.58"
04-02-2018,27379.65778,35243.99475,"10,894.70","35,511.58"
05-02-2018,27497.5813,34794.6674,"10,966.20","35,798.01"
06-02-2018,27530.20965,34748.77371,"11,083.70","36,139.98"
07-02-2018,27248.0933,34331.38393,"11,086.00","36,161.64"
08-02-2018,27151.89161,33737.32702,"11,069.65","36,050.44"
09-02-2018,27225.3851,33884.11637,"11,130.40","36,283.25"
10-02-2018,27225.3851,33884.11637,"11,130.40","36,283.25"
11-02-2018,27225.3851,33884.11637,"11,130.40","36,283.25"
12-02-2018,27298.08776,33908.42407,"11,049.65","36,033.73"
13-02-2018,27391.81701,34318.56653,"11,027.70","35,965.02"
14-02-2018,27602.6164,34248.93395,"11,016.90","35,906.66"
15-02-2018,27839.59417,34633.52967,"10,760.60","35,066.75"
16-02-2018,27774.00803,34581.42336,"10,666.55","34,757.16"
17-02-2018,27774.00803,34581.42336,"10,666.55","34,757.16"
18-02-2018,27774.00803,34581.42336,"10,666.55","34,757.16"
19-02-2018,27872.78086,34608.11644,"10,498.25","34,195.94"
20-02-2018,27786.91151,34364.22912,"10,476.70","34,082.71"
21-02-2018,27746.99948,34274.4785,"10,576.85","34,413.16"
22-02-2018,27714.97396,34352.92252,"10,454.95","34,005.76"
23-02-2018,27730.70971,34685.57463,"10,539.75","34,300.47"
24-02-2018,27730.70971,34685.57463,"10,539.75","34,300.47"
25-02-2018,27730.70971,34685.57463,"10,539.75","34,300.47"
26-02-2018,27820.28185,34777.96014,"10,500.90","34,155.95"
27-02-2018,27612.22111,34594.6817,"10,545.50","34,297.47"
28-02-2018,27502.25819,34308.69406,"10,452.30","34,010.76"
01-03-2018,27430.22727,34220.92586,"10,378.40","33,774.66"
02-03-2018,27697.15551,34446.01999,"10,360.40","33,703.59"
03-03-2018,27697.15551,34446.01999,"10,360.40","33,703.59"
04-03-2018,27697.15551,34446.01999,"10,360.40","33,703.59"
05-03-2018,27672.93628,34601.64935,"10,397.45","33,844.86"
06-03-2018,27824.92533,34734.13391,"10,382.70","33,819.50"
07-03-2018,27734.74518,34725.80363,"10,491.05","34,142.15"
08-03-2018,27560.00811,34382.20543,"10,582.60","34,445.75"
09-03-2018,27636.19941,34498.1635,"10,554.30","34,346.39"
10-03-2018,27636.19941,34498.1635,"10,554.30","34,346.39"
11-03-2018,27636.19941,34498.1635,"10,554.30","34,346.39"
12-03-2018,27552.66895,34369.03822,"10,492.85","34,184.04"
13-03-2018,27619.61326,34473.62048,"10,458.35","34,046.94"
14-03-2018,27586.01901,34608.88109,"10,358.85","33,746.78"
15-03-2018,27488.89952,34435.38351,"10,249.25","33,317.20"
16-03-2018,27385.67357,34438.51401,"10,154.20","33,033.09"
17-03-2018,27385.67357,34438.51401,"10,154.20","33,033.09"
18-03-2018,27385.67357,34438.51401,"10,154.20","33,033.09"
19-03-2018,27453.92275,34066.37702,"10,242.65","33,351.57"
20-03-2018,27485.79371,34068.96627,"10,226.85","33,307.14"
21-03-2018,27712.34493,34070.23448,"10,421.40","33,917.94"
22-03-2018,27804.56848,34558.28698,"10,426.85","33,856.78"
23-03-2018,28210.52123,34629.43085,"10,410.90","33,835.74"
24-03-2018,28210.52123,34629.43085,"10,410.90","33,835.74"
25-03-2018,28210.52123,34629.43085,"10,410.90","33,835.74"
26-03-2018,28253.93504,34701.11365,"10,360.15","33,685.54"
27-03-2018,27955.08783,34676.85427,"10,195.15","33,176.00"
28-03-2018,27817.86883,34353.48655,"10,094.25","32,923.12"
29-03-2018,27729.8328,34100.66684,"10,124.35","32,996.76"
30-03-2018,27729.8328,34100.66684,"10,124.35","32,996.76"
31-03-2018,27729.8328,34100.66684,"10,124.35","32,996.76"
01-04-2018,27729.8328,34100.66684,"10,124.35","32,996.76"
02-04-2018,27729.8328,34100.66684,"10,124.35","32,996.76"
03-04-2018,27912.69962,34580.80901,"10,155.25","33,136.18"
04-04-2018,27943.84347,34394.35157,"10,114.75","33,006.27"
05-04-2018,27761.38806,34092.74929,"9,998.05","32,596.54"
06-04-2018,27768.23281,33948.91745,"10,130.65","33,066.41"
07-04-2018,27768.23281,33948.91745,"10,130.65","33,066.41"
08-04-2018,27768.23281,33948.91745,"10,130.65","33,066.41"
09-04-2018,27801.00717,34105.51876,"10,184.15","33,174.39"
10-04-2018,27958.95058,34433.18234,"10,113.70","32,968.68"
11-04-2018,28202.09226,34585.7974,"10,211.80","33,255.36"
12-04-2018,28140.59796,34941.04142,"10,245.00","33,370.63"
13-04-2018,28201.78132,34640.94669,"10,128.40","33,019.07"
14-04-2018,28201.78132,34640.94669,"10,128.40","33,019.07"
15-04-2018,28201.78132,34640.94669,"10,128.40","33,019.07"
16-04-2018,28305.17918,34821.65298,"10,325.15","33,596.80"
17-04-2018,28245.86978,34989.0161,"10,331.60","33,626.97"
18-04-2018,28533.89488,35776.89509,"10,379.35","33,788.54"
19-04-2018,28491.0651,36326.84743,"10,402.25","33,880.25"
20-04-2018,28306.25618,36231.16089,"10,417.15","33,940.44"
21-04-2018,28306.25618,36231.16089,"10,417.15","33,940.44"
22-04-2018,28306.25618,36231.16089,"10,417.15","33,940.44"
23-04-2018,28186.32056,36044.35088,"10,458.65","34,101.13"
24-04-2018,28419.87764,35491.43014,"10,480.60","34,192.65"
25-04-2018,28214.90085,35363.35888,"10,528.35","34,305.43"
26-04-2018,28411.09024,35656.38076,"10,548.70","34,395.06"
27-04-2018,28380.58515,35499.89199,"10,526.20","34,331.68"
28-04-2018,28380.58515,35499.89199,"10,526.20","34,331.68"
29-04-2018,28380.58515,35499.89199,"10,526.20","34,331.68"
30-04-2018,28123.17092,35079.0085,"10,565.30","34,427.29"
01-05-2018,27925.21412,34716.90991,"10,564.05","34,415.58"
02-05-2018,27864.39035,34931.97226,"10,584.70","34,450.77"
03-05-2018,28242.91284,35361.35963,"10,614.35","34,616.64"
04-05-2018,28062.84138,35180.35293,"10,570.55","34,501.27"
05-05-2018,28062.84138,35180.35293,"10,570.55","34,501.27"
06-05-2018,28062.84138,35180.35293,"10,570.55","34,501.27"
07-05-2018,28062.84138,35180.35293,"10,570.55","34,501.27"
08-05-2018,28200.2709,35493.14672,"10,617.80","34,713.60"
09-05-2018,28369.33511,35498.10627,"10,692.30","34,969.70"
10-05-2018,28552.62315,35939.75919,"10,739.35","35,160.36"
11-05-2018,28628.07416,36229.58605,"10,718.05","35,176.42"
12-05-2018,28628.07416,36229.58605,"10,718.05","35,176.42"
13-05-2018,28628.07416,36229.58605,"10,718.05","35,176.42"
14-05-2018,28579.60039,36042.53881,"10,679.65","35,103.14"
15-05-2018,28125.81745,35640.51462,"10,618.25","34,915.38"
16-05-2018,28260.24681,35575.62919,"10,715.50","35,208.14"
17-05-2018,28095.49839,35699.47585,"10,717.80","35,216.32"
18-05-2018,28065.213,35705.10294,"10,741.70","35,319.35"
19-05-2018,28065.213,35705.10294,"10,741.70","35,319.35"
20-05-2018,28065.213,35705.10294,"10,741.70","35,319.35"
21-05-2018,28159.49994,35714.3811,"10,716.55","35,246.27"
22-05-2018,28314.19358,36305.58211,"10,806.50","35,535.79"
23-05-2018,28186.13886,36145.60709,"10,806.60","35,556.71"
24-05-2018,28657.44976,36259.68468,"10,801.85","35,543.94"
25-05-2018,28606.84523,36584.28154,"10,741.10","35,387.88"
26-05-2018,28606.84523,36584.28154,"10,741.10","35,387.88"
27-05-2018,28606.84523,36584.28154,"10,741.10","35,387.88"
28-05-2018,28606.84523,36584.28154,"10,741.10","35,387.88"
29-05-2018,28068.99437,35695.61422,"10,682.70","35,149.12"
30-05-2018,28365.65941,35699.68821,"10,596.40","34,848.30"
31-05-2018,28299.11087,35879.28792,"10,516.70","34,616.13"
01-06-2018,28061.98077,35592.2852,"10,536.70","34,651.24"
02-06-2018,28061.98077,35592.2852,"10,536.70","34,651.24"
03-06-2018,28061.98077,35592.2852,"10,536.70","34,651.24"
04-06-2018,27900.26952,35407.03469,"10,430.35","34,344.91"
05-06-2018,27857.07862,35326.6695,"10,513.85","34,663.11"
06-06-2018,28044.30752,35689.02915,"10,605.15","34,924.87"
07-06-2018,27873.34658,35979.12418,"10,688.65","35,165.48"
08-06-2018,28136.84096,36237.08691,"10,633.30","34,949.24"
09-06-2018,28136.84096,36237.08691,"10,633.30","34,949.24"
10-06-2018,28136.84096,36237.08691,"10,633.30","34,949.24"
11-06-2018,28212.14391,36383.15881,"10,614.35","34,906.11"
12-06-2018,28167.51203,36558.22703,"10,736.15","35,322.38"
13-06-2018,28117.4559,36672.11295,"10,696.20","35,227.26"
14-06-2018,28329.73926,37240.20609,"10,628.50","35,011.89"
15-06-2018,27967.77677,37482.58742,"10,593.15","34,903.21"
16-06-2018,27967.77677,37482.58742,"10,593.15","34,903.21"
17-06-2018,27967.77677,37482.58742,"10,593.15","34,903.21"
18-06-2018,28039.71368,36330.96216,"10,684.65","35,178.88"
19-06-2018,27913.35674,35773.45527,"10,768.35","35,463.08"
20-06-2018,27981.31525,35761.71078,"10,767.65","35,443.67"
21-06-2018,27702.76889,35543.29903,"10,786.95","35,483.47"
22-06-2018,27721.48401,35876.40348,"10,842.85","35,692.52"
23-06-2018,27721.48401,35876.40348,"10,842.85","35,692.52"
24-06-2018,27721.48401,35876.40348,"10,842.85","35,692.52"
25-06-2018,27680.04004,35726.38572,"10,856.70","35,739.16"
26-06-2018,27597.05979,35528.23099,"10,808.05","35,599.82"
27-06-2018,27574.0928,35626.97627,"10,817.70","35,622.14"
28-06-2018,27732.51434,35697.39971,"10,799.85","35,548.26"
29-06-2018,27671.83636,35473.59246,"10,710.45","35,286.74"
30-06-2018,27671.83636,35473.59246,"10,710.45","35,286.74"
01-07-2018,27671.83636,35473.59246,"10,710.45","35,286.74"
02-07-2018,27460.74683,35167.71392,"10,772.05","35,547.33"
03-07-2018,27652.31313,35190.84067,"10,741.10","35,432.39"
04-07-2018,27669.83621,35357.18727,"10,821.85","35,689.60"
05-07-2018,27724.05203,35220.91835,"10,762.45","35,470.35"
06-07-2018,27797.42531,35417.9964,"10,769.15","35,490.04"
07-07-2018,27797.42531,35417.9964,"10,769.15","35,490.04"
08-07-2018,27797.42531,35417.9964,"10,769.15","35,490.04"
09-07-2018,27914.33868,35842.62575,"10,671.40","35,217.11"
10-07-2018,27681.77776,35165.12916,"10,589.10","35,037.64"
11-07-2018,27659.66803,35176.89122,"10,714.30","35,423.48"
12-07-2018,27528.0871,34998.38668,"10,657.30","35,264.41"
13-07-2018,27339.47742,34810.11017,"10,699.90","35,378.60"
14-07-2018,27339.47742,34810.11017,"10,699.90","35,378.60"
15-07-2018,27339.47742,34810.11017,"10,699.90","35,378.60"
16-07-2018,27330.25458,34815.19015,"10,769.90","35,645.40"
17-07-2018,27167.29923,34752.45854,"10,749.75","35,574.55"
18-07-2018,26910.77392,33932.4091,"10,772.65","35,657.86"
19-07-2018,26860.59158,33665.36303,"10,852.90","35,934.72"
20-07-2018,27232.9482,34064.73358,"10,947.25","36,239.62"
21-07-2018,27232.9482,34064.73358,"10,947.25","36,239.62"
22-07-2018,27232.9482,34064.73358,"10,947.25","36,239.62"
23-07-2018,27069.13717,34218.9958,"10,948.30","36,265.93"
24-07-2018,27185.73589,34326.59776,"11,023.20","36,548.41"
25-07-2018,27295.83888,34499.36924,"11,018.90","36,541.63"
26-07-2018,27138.11139,34324.49097,"10,936.85","36,323.77"
27-07-2018,27015.55753,33892.22483,"11,008.05","36,519.96"
28-07-2018,27015.55753,33892.22483,"11,008.05","36,519.96"
29-07-2018,27015.55753,33892.22483,"11,008.05","36,519.96"
30-07-2018,26989.6215,34161.56537,"10,980.45","36,373.44"
31-07-2018,26927.75029,34030.48339,"10,957.10","36,351.23"
01-08-2018,26826.93571,34056.34374,"11,010.20","36,496.37"
02-08-2018,26705.82434,33946.68526,"11,084.75","36,718.60"
03-08-2018,26833.01511,33885.97484,"11,134.30","36,825.10"
04-08-2018,26833.01511,33885.97484,"11,134.30","36,825.10"
05-08-2018,26833.01511,33885.97484,"11,134.30","36,825.10"
06-08-2018,26654.22463,33812.18344,"11,132.00","36,858.23"
07-08-2018,26820.83072,34213.23439,"11,167.30","36,984.64"
08-08-2018,26685.07549,33854.11793,"11,278.35","37,336.85"
09-08-2018,26803.66214,34168.13027,"11,319.55","37,494.40"
10-08-2018,26843.80882,33985.80045,"11,356.50","37,606.58"
11-08-2018,26843.80882,33985.80045,"11,356.50","37,606.58"
12-08-2018,26843.80882,33985.80045,"11,356.50","37,606.58"
13-08-2018,26583.41108,33629.2829,"11,346.20","37,521.62"
14-08-2018,26919.50073,33812.42218,"11,244.70","37,165.16"
15-08-2018,26582.62156,33340.72459,"11,244.70","37,165.16"
16-08-2018,26815.97528,33179.20358,"11,360.80","37,556.16"
17-08-2018,26522.38123,32995.42675,"11,387.10","37,691.89"
18-08-2018,26522.38123,32995.42675,"11,387.10","37,691.89"
19-08-2018,26522.38123,32995.42675,"11,387.10","37,691.89"
20-08-2018,26689.80884,33250.99248,"11,389.45","37,665.80"
21-08-2018,26731.33156,33185.50209,"11,450.00","37,887.56"
22-08-2018,26856.19086,33237.80443,"11,470.70","38,024.37"
23-08-2018,26780.88521,32848.61377,"11,429.50","37,869.23"
24-08-2018,27060.73911,33032.31242,"11,355.75","37,644.90"
25-08-2018,27060.73911,33032.31242,"11,355.75","37,644.90"
26-08-2018,27060.73911,33032.31242,"11,355.75","37,644.90"
27-08-2018,27060.73911,33032.31242,"11,355.75","37,644.90"
28-08-2018,27260.86333,33506.85614,"11,435.10","37,852.00"
29-08-2018,27137.13666,33104.51233,"11,385.05","37,663.56"
30-08-2018,27149.09075,33253.27118,"11,470.75","37,947.88"
31-08-2018,27345.89418,33328.12833,"11,551.75","38,278.75"
01-09-2018,27345.89418,33328.12833,"11,551.75","38,278.75"
02-09-2018,27345.89418,33328.12833,"11,551.75","38,278.75"
03-09-2018,27392.78573,33155.30292,"11,570.90","38,285.75"
04-09-2018,27263.18479,32623.78832,"11,582.75","38,336.76"
05-09-2018,27539.47182,32609.20162,"11,557.10","38,251.80"
06-09-2018,27799.79855,32905.78984,"11,691.95","38,694.11"
07-09-2018,27729.8256,32809.03963,"11,738.50","38,896.63"
08-09-2018,27729.8256,32809.03963,"11,738.50","38,896.63"
09-09-2018,27729.8256,32809.03963,"11,738.50","38,896.63"
10-09-2018,27616.03492,32806.4463,"11,691.90","38,722.93"
11-09-2018,27714.6464,32900.73374,"11,676.80","38,690.10"
12-09-2018,27919.69341,33054.80597,"11,680.50","38,645.07"
13-09-2018,27977.85265,32896.75599,"11,582.35","38,312.52"
14-09-2018,27834.95661,32919.33177,"11,520.30","38,157.92"
15-09-2018,27834.95661,32919.33177,"11,520.30","38,157.92"
16-09-2018,27834.95661,32919.33177,"11,520.30","38,157.92"
17-09-2018,27773.13161,32743.59555,"11,476.95","38,018.31"
18-09-2018,27987.5604,33136.41338,"11,536.90","38,242.81"
19-09-2018,28126.58495,33156.78614,"11,589.10","38,389.82"
20-09-2018,28107.68212,33100.70068,"11,438.10","37,922.17"
21-09-2018,27751.21552,33175.51668,"11,287.50","37,413.13"
22-09-2018,27751.21552,33175.51668,"11,287.50","37,413.13"
23-09-2018,27751.21552,33175.51668,"11,287.50","37,413.13"
24-09-2018,27931.98295,33244.34304,"11,369.90","37,717.96"
25-09-2018,28078.40343,33383.841,"11,515.20","38,090.64"
26-09-2018,27905.44559,33823.01235,"11,377.75","37,585.51"
27-09-2018,27666.25768,33655.0899,"11,278.90","37,290.67"
28-09-2018,27697.98463,33372.89283,"11,234.35","37,121.22"
29-09-2018,27697.98463,33372.89283,"11,234.35","37,121.22"
30-09-2018,27697.98463,33372.89283,"11,234.35","37,121.22"
01-10-2018,27723.07761,33915.22926,"11,143.10","36,841.60"
02-10-2018,28241.42032,34003.63591,"11,143.10","36,841.60"
03-10-2018,28160.52869,34544.23828,"10,967.40","36,305.02"
04-10-2018,28375.78166,34495.6322,"11,067.45","36,652.06"
05-10-2018,28494.33942,34641.52329,"11,053.80","36,542.27"
06-10-2018,28494.33942,34641.52329,"11,053.80","36,542.27"
07-10-2018,28494.33942,34641.52329,"11,053.80","36,542.27"
08-10-2018,28148.91985,34304.2357,"10,977.55","36,324.17"
09-10-2018,28228.16105,34108.08545,"10,930.45","36,227.14"
10-10-2018,28404.91582,34353.0763,"11,008.30","36,526.14"
11-10-2018,28953.19864,34583.88788,"10,858.25","35,975.63"
12-10-2018,29036.58689,34755.82444,"10,599.25","35,169.16"
13-10-2018,29036.58689,34755.82444,"10,599.25","35,169.16"
14-10-2018,29036.58689,34755.82444,"10,599.25","35,169.16"
15-10-2018,29105.40812,34880.58179,"10,316.45","34,376.99"
16-10-2018,29185.47588,34990.79358,"10,348.05","34,474.38"
17-10-2018,29026.81528,34599.31197,"10,301.05","34,299.47"
18-10-2018,28937.01398,34343.4798,"10,460.10","34,760.89"
19-10-2018,29024.1353,34535.37621,"10,234.65","34,001.15"
20-10-2018,29024.1353,34535.37621,"10,234.65","34,001.15"
21-10-2018,29024.1353,34535.37621,"10,234.65","34,001.15"
22-10-2018,28832.02904,34509.74268,"10,472.50","34,733.58"
23-10-2018,29226.53053,34796.58536,"10,512.50","34,865.10"
24-10-2018,28968.08148,34710.84974,"10,584.75","35,162.48"
25-10-2018,28974.16294,34699.31441,"10,453.05","34,779.58"
26-10-2018,29045.96274,34581.60982,"10,303.55","34,315.63"
27-10-2018,29045.96274,34581.60982,"10,303.55","34,315.63"
28-10-2018,29045.96274,34581.60982,"10,303.55","34,315.63"
29-10-2018,28936.37372,34442.46628,"10,245.25","34,134.38"
30-10-2018,28992.8529,34129.41922,"10,146.80","33,847.23"
31-10-2018,28768.81056,33955.69723,"10,224.75","34,033.96"
01-11-2018,29318.65562,34411.28812,"10,124.90","33,690.09"
02-11-2018,28948.91234,34820.45945,"10,030.00","33,349.31"
03-11-2018,28948.91234,34820.45945,"10,030.00","33,349.31"
04-11-2018,28948.91234,34820.45945,"10,030.00","33,349.31"
05-11-2018,28883.30414,34538.07965,"10,250.85","34,067.40"
06-11-2018,28850.25069,34434.77469,"10,198.40","33,891.13"
07-11-2018,28957.91219,34539.01149,"10,386.60","34,442.05"
08-11-2018,28486.81767,33719.23277,"10,380.45","34,431.97"
09-11-2018,28186.22394,33365.56474,"10,553.00","35,011.65"
10-11-2018,28186.22394,33365.56474,"10,553.00","35,011.65"
11-11-2018,28186.22394,33365.56474,"10,553.00","35,011.65"
12-11-2018,28088.86772,32992.27464,"10,524.00","34,950.92"
13-11-2018,28155.3467,32837.36467,"10,530.00","34,991.91"
14-11-2018,28087.50458,32610.21724,"10,598.85","35,237.68"
15-11-2018,28169.61426,32845.37274,"10,585.20","35,158.55"
16-11-2018,28254.38347,33018.15018,"10,482.20","34,812.99"
17-11-2018,28254.38347,33018.15018,"10,482.20","34,812.99"
18-11-2018,28254.38347,33018.15018,"10,482.20","34,812.99"
19-11-2018,28189.86366,33137.39704,"10,582.50","35,144.49"
20-11-2018,28151.43225,33238.48583,"10,576.30","35,141.99"
21-11-2018,28151.79408,33108.95283,"10,616.70","35,260.54"
22-11-2018,28126.26466,33282.5364,"10,682.20","35,457.16"
23-11-2018,27867.36108,32464.28572,"10,763.40","35,774.88"
24-11-2018,27867.36108,32464.28572,"10,763.40","35,774.88"
25-11-2018,27867.36108,32464.28572,"10,763.40","35,774.88"
26-11-2018,27796.76742,32672.67578,"10,656.20","35,474.51"
27-11-2018,27801.67072,32498.26806,"10,600.05","35,199.80"
28-11-2018,27648.06416,32245.63016,"10,526.75","34,981.02"
29-11-2018,27845.95041,32393.27075,"10,628.60","35,354.08"
30-11-2018,27311.74057,31931.55328,"10,685.60","35,513.14"
01-12-2018,27311.74057,31931.55328,"10,685.60","35,513.14"
02-12-2018,27311.74057,31931.55328,"10,685.60","35,513.14"
03-12-2018,27593.59251,32263.17388,"10,728.85","35,716.95"
04-12-2018,28106.98048,32961.06032,"10,858.70","36,170.41"
05-12-2018,28064.88443,32881.26277,"10,876.75","36,194.30"
06-12-2018,28311.7727,32765.14357,"10,883.75","36,241.00"
07-12-2018,28286.88837,32955.48766,"10,869.50","36,134.31"
08-12-2018,28286.88837,32955.48766,"10,869.50","36,134.31"
09-12-2018,28286.88837,32955.48766,"10,869.50","36,134.31"
10-12-2018,28573.76188,33338.15876,"10,782.90","35,884.41"
11-12-2018,29023.03423,34120.06915,"10,601.15","35,312.13"
12-12-2018,28953.61829,34061.02958,"10,693.70","35,673.25"
13-12-2018,28699.90033,33901.79335,"10,488.45","34,959.72"
14-12-2018,28405.87982,33525.53752,"10,549.15","35,150.01"
15-12-2018,28405.87982,33525.53752,"10,549.15","35,150.01"
16-12-2018,28405.87982,33525.53752,"10,549.15","35,150.01"
17-12-2018,28706.43383,33754.59541,"10,737.60","35,779.07"
18-12-2018,28685.71447,33730.97534,"10,791.55","35,929.64"
19-12-2018,28474.39999,33227.69624,"10,805.45","35,962.93"
20-12-2018,28628.91159,33566.10631,"10,888.35","36,270.07"
21-12-2018,28436.65464,33202.27769,"10,908.70","36,347.08"
22-12-2018,28436.65464,33202.27769,"10,908.70","36,347.08"
23-12-2018,28436.65464,33202.27769,"10,908.70","36,347.08"
24-12-2018,28436.65464,33202.27769,"10,967.30","36,484.33"
25-12-2018,28436.65464,33202.27769,"10,967.30","36,484.33"
26-12-2018,28436.65464,33202.27769,"10,967.30","36,484.33"
27-12-2018,28598.13286,33954.64434,"10,951.70","36,431.67"
28-12-2018,28780.42903,34417.2527,"10,754.00","35,742.07"
29-12-2018,28780.42903,34417.2527,"10,754.00","35,742.07"
30-12-2018,28780.42903,34417.2527,"10,754.00","35,742.07"
31-12-2018,28780.42903,34417.2527,"10,663.50","35,470.15"
01-01-2019,28780.42903,34417.2527,"10,663.50","35,470.15"
02-01-2019,28642.5727,34472.00268,"10,729.85","35,649.94"
03-01-2019,29025.634,34942.32432,"10,779.80","35,807.28"
04-01-2019,28846.15317,35395.64306,"10,859.90","36,076.72"
05-01-2019,28846.15317,35395.64306,"10,859.90","36,076.72"
06-01-2019,28846.15317,35395.64306,"10,859.90","36,076.72"
07-01-2019,28884.27591,35205.64507,"10,862.55","36,068.33"
08-01-2019,28873.62256,35103.071,"10,910.10","36,254.57"
09-01-2019,29052.38156,35216.37436,"10,792.50","35,891.52"
10-01-2019,29303.51557,35622.85874,"10,672.25","35,513.71"
11-01-2019,29178.38014,35495.32569,"10,727.35","35,695.10"
12-01-2019,29178.38014,35495.32569,"10,727.35","35,695.10"
13-01-2019,29178.38014,35495.32569,"10,727.35","35,695.10"
14-01-2019,29247.77642,35328.10124,"10,771.80","35,850.16"
15-01-2019,29582.65877,35652.77169,"10,802.15","35,980.93"
16-01-2019,29537.78078,35519.39282,"10,855.15","36,212.91"
17-01-2019,29614.28872,35735.84464,"10,821.60","36,106.50"
18-01-2019,29326.83612,35328.30982,"10,794.95","36,009.84"
19-01-2019,29326.83612,35328.30982,"10,794.95","36,009.84"
20-01-2019,29326.83612,35328.30982,"10,794.95","36,009.84"
21-01-2019,29302.92422,34946.86597,"10,737.60","35,853.56"
22-01-2019,29342.77041,34924.78562,"10,886.80","36,318.33"
23-01-2019,29308.73134,35233.22641,"10,890.30","36,321.29"
24-01-2019,29367.95855,35002.70825,"10,905.20","36,374.08"
25-01-2019,29531.71135,35091.58838,"10,906.95","36,386.61"
26-01-2019,29531.71135,35091.58838,"10,906.95","36,386.61"
27-01-2019,29531.71135,35091.58838,"10,906.95","36,386.61"
28-01-2019,29713.72792,35791.56184,"10,961.85","36,578.96"
29-01-2019,29885.33901,36238.15915,"10,922.75","36,444.64"
30-01-2019,30097.40771,36545.37603,"10,831.50","36,108.47"
31-01-2019,30256.89841,36756.44375,"10,849.80","36,195.10"
01-02-2019,30080.78224,36520.30967,"10,780.55","36,025.54"
02-02-2019,30080.78224,36520.30967,"10,780.55","36,025.54"
03-02-2019,30080.78224,36520.30967,"10,780.55","36,025.54"
04-02-2019,30143.02105,36169.78748,"10,661.55","35,656.70"
05-02-2019,30288.68917,36564.45394,"10,652.20","35,592.50"
06-02-2019,30283.06913,36296.30276,"10,651.80","35,591.25"
07-02-2019,30131.03061,36134.23595,"10,830.95","36,256.69"
08-02-2019,30259.28453,36315.28386,"10,893.65","36,469.43"
09-02-2019,30259.28453,36315.28386,"10,893.65","36,469.43"
10-02-2019,30259.28453,36315.28386,"10,893.65","36,469.43"
11-02-2019,29884.21323,35925.56405,"10,912.25","36,582.74"
12-02-2019,30000.25847,36206.41881,"10,934.35","36,616.81"
13-02-2019,29829.95919,35662.7978,"11,062.45","36,975.23"
14-02-2019,29879.60566,35496.91229,"11,069.40","36,971.09"
15-02-2019,30057.13766,35786.38357,"10,943.60","36,546.48"
16-02-2019,30057.13766,35786.38357,"10,943.60","36,546.48"
17-02-2019,30057.13766,35786.38357,"10,943.60","36,546.48"
18-02-2019,30393.57629,36148.98002,"10,888.80","36,395.03"
19-02-2019,30616.15621,36212.041,"10,831.40","36,153.62"
20-02-2019,30805.5665,36760.35414,"10,793.65","36,034.11"
21-02-2019,30409.43514,36342.84417,"10,746.05","35,876.22"
22-02-2019,30417.29117,36320.86158,"10,724.40","35,808.95"
23-02-2019,30417.29117,36320.86158,"10,724.40","35,808.95"
24-02-2019,30417.29117,36320.86158,"10,724.40","35,808.95"
25-02-2019,30395.6624,36434.60378,"10,640.95","35,498.44"
26-02-2019,30172.16874,36045.84213,"10,604.35","35,352.61"
27-02-2019,30171.1967,36173.04907,"10,735.45","35,756.26"
28-02-2019,30203.56733,36210.39436,"10,789.85","35,898.35"
01-03-2019,29870.28914,35426.78448,"10,791.65","35,871.48"
02-03-2019,29870.28914,35426.78448,"10,791.65","35,871.48"
03-03-2019,29870.28914,35426.78448,"10,791.65","35,871.48"
04-03-2019,29337.70908,34600.87674,"10,880.10","36,213.38"
05-03-2019,29264.04506,34443.03793,"10,835.30","35,973.71"
06-03-2019,29137.14272,34205.01375,"10,806.65","35,905.43"
07-03-2019,28955.4608,33961.22085,"10,792.50","35,867.44"
08-03-2019,29387.26173,34253.9781,"10,863.50","36,063.81"
09-03-2019,29387.26173,34253.9781,"10,863.50","36,063.81"
10-03-2019,29387.26173,34253.9781,"10,863.50","36,063.81"
11-03-2019,29088.5479,34415.72927,"10,987.45","36,442.54"
12-03-2019,29103.23571,34655.52412,"11,053.00","36,636.10"
13-03-2019,29252.0067,34736.68801,"11,058.20","36,725.42"
14-03-2019,29043.0054,34153.07686,"11,035.40","36,671.43"
15-03-2019,29058.20067,34230.04767,"11,168.05","37,054.10"
16-03-2019,29058.20067,34230.04767,"11,168.05","37,054.10"
17-03-2019,29058.20067,34230.04767,"11,168.05","37,054.10"
18-03-2019,28943.7011,34095.75084,"11,301.20","37,535.66"
19-03-2019,28848.14663,33994.79541,"11,341.70","37,752.17"
20-03-2019,28924.46407,33989.62871,"11,343.25","37,754.89"
21-03-2019,28959.74582,34364.26772,"11,426.85","38,024.32"
22-03-2019,29005.76923,34197.29981,"11,462.20","38,095.07"
23-03-2019,29005.76923,34197.29981,"11,462.20","38,095.07"
24-03-2019,29005.76923,34197.29981,"11,462.20","38,095.07"
25-03-2019,29341.02863,34520.81918,"11,532.40","38,363.47"
26-03-2019,29168.38064,34214.06952,"11,521.05","38,386.75"
27-03-2019,29048.48786,34156.42613,"11,456.90","38,164.61"
28-03-2019,28769.08011,33752.55162,"11,354.25","37,808.91"
29-03-2019,28812.74422,33585.9532,"11,483.25","38,233.41"
30-03-2019,28812.74422,33585.9532,"11,483.25","38,233.41"
31-03-2019,28812.74422,33585.9532,"11,483.25","38,233.41"
01-04-2019,28873.8261,33639.62577,"11,445.05","38,132.88"
02-04-2019,28705.11599,33425.89845,"11,570.00","38,545.72"
03-04-2019,28590.20841,33598.39672,"11,623.90","38,672.91"
04-04-2019,28235.61231,33194.42089,"11,669.15","38,871.87"
05-04-2019,28570.75148,33694.17274,"11,713.20","39,056.65"
06-04-2019,28570.75148,33694.17274,"11,713.20","39,056.65"
07-04-2019,28570.75148,33694.17274,"11,713.20","39,056.65"
08-04-2019,28906.28064,33664.69915,"11,643.95","38,877.12"
09-04-2019,29135.31921,34110.46005,"11,598.00","38,684.72"
10-04-2019,29069.85428,33947.6754,"11,665.95","38,862.23"
11-04-2019,28871.2477,33699.42371,"11,604.50","38,700.53"
12-04-2019,28718.15902,33426.49043,"11,671.95","38,939.22"
13-04-2019,28718.15902,33426.49043,"11,671.95","38,939.22"
14-04-2019,28718.15902,33426.49043,"11,671.95","38,939.22"
15-04-2019,28596.49964,33219.67271,"11,584.30","38,585.35"
16-04-2019,28473.76462,33340.41699,"11,596.70","38,607.01"
17-04-2019,28517.98781,33528.22174,"11,643.45","38,767.11"
18-04-2019,28464.59626,33368.9768,"11,690.35","38,905.84"
19-04-2019,28464.59626,33368.9768,"11,690.35","38,905.84"
20-04-2019,28464.59626,33368.9768,"11,690.35","38,905.84"
21-04-2019,28464.59626,33368.9768,"11,690.35","38,905.84"
22-04-2019,28464.59626,33368.9768,"11,690.35","38,905.84"
23-04-2019,28444.21288,33552.74422,"11,787.15","39,275.64"
24-04-2019,28521.20735,33205.40045,"11,752.80","39,140.28"
25-04-2019,28805.69912,33431.97356,"11,594.45","38,645.18"
26-04-2019,28967.83774,33835.66158,"11,575.95","38,564.88"
27-04-2019,28967.83774,33835.66158,"11,575.95","38,564.88"
28-04-2019,28967.83774,33835.66158,"11,575.95","38,564.88"
29-04-2019,28731.21065,33615.17964,"11,575.95","38,564.88"
30-04-2019,28799.03237,33654.64401,"11,726.15","39,054.68"
01-05-2019,28742.94489,33314.77021,"11,641.80","38,730.86"
02-05-2019,28455.24678,32855.79657,"11,754.65","39,067.33"
03-05-2019,28537.76586,32710.56734,"11,748.15","39,031.55"
04-05-2019,28537.76586,32710.56734,"11,748.15","39,031.55"
05-05-2019,28537.76586,32710.56734,"11,748.15","39,031.55"
06-05-2019,28537.76586,32710.56734,"11,748.15","39,031.55"
07-05-2019,28588.14076,33091.01837,"11,724.75","38,981.43"
08-05-2019,28760.034,33410.15465,"11,712.25","38,963.26"
09-05-2019,28831.44689,33223.08086,"11,598.25","38,600.34"
10-05-2019,29046.70265,33388.70062,"11,497.90","38,276.63"
11-05-2019,29046.70265,33388.70062,"11,497.90","38,276.63"
12-05-2019,29046.70265,33388.70062,"11,497.90","38,276.63"
13-05-2019,29161.46694,32996.84357,"11,359.45","37,789.13"
14-05-2019,29478.71105,33499.56727,"11,301.80","37,558.91"
15-05-2019,29365.12688,33488.13446,"11,278.90","37,462.99"
16-05-2019,29159.06799,33398.49895,"11,148.20","37,090.82"
17-05-2019,28918.56731,32693.69571,"11,222.05","37,318.53"
18-05-2019,28918.56731,32693.69571,"11,222.05","37,318.53"
19-05-2019,28918.56731,32693.69571,"11,222.05","37,318.53"
20-05-2019,28848.22733,32568.2106,"11,157.00","37,114.88"
21-05-2019,28445.21629,32290.79739,"11,257.10","37,393.48"
22-05-2019,28445.21629,32290.79739,"11,407.15","37,930.77"
23-05-2019,28741.85683,32421.77282,"11,828.25","39,352.67"
24-05-2019,28722.29207,32585.52434,"11,709.10","38,969.80"
25-05-2019,28722.29207,32585.52434,"11,709.10","38,969.80"
26-05-2019,28722.29207,32585.52434,"11,709.10","38,969.80"
27-05-2019,28722.29207,32585.52434,"11,709.10","38,969.80"
28-05-2019,28560.41821,32351.94052,"11,737.90","39,110.21"
29-05-2019,28792.67406,32293.89377,"11,657.05","38,811.39"
30-05-2019,28752.32103,32322.3719,"11,844.10","39,434.72"
31-05-2019,29075.36885,32496.72656,"11,924.75","39,683.29"
01-06-2019,29075.36885,32496.72656,"11,924.75","39,683.29"
02-06-2019,29075.36885,32496.72656,"11,924.75","39,683.29"
03-06-2019,29460.12812,32891.29026,"11,928.75","39,749.73"
04-06-2019,29445.96144,32731.32357,"11,861.10","39,502.05"
05-06-2019,29738.64684,33056.55362,"11,945.90","39,831.97"
06-06-2019,29794.27056,33363.78257,"11,922.80","39,714.20"
07-06-2019,29896.14845,33248.91459,"12,088.55","40,267.62"
08-06-2019,29896.14845,33248.91459,"12,088.55","40,267.62"
09-06-2019,29896.14845,33248.91459,"12,088.55","40,267.62"
10-06-2019,29622.31029,32875.27963,"12,021.65","40,083.54"
11-06-2019,29594.98856,32839.86687,"11,843.75","39,529.72"
12-06-2019,29723.48261,32995.10698,"11,870.65","39,615.90"
13-06-2019,29936.25347,33154.19344,"11,922.70","39,784.52"
14-06-2019,30218.5433,33601.00744,"11,965.60","39,950.46"
15-06-2019,30218.5433,33601.00744,"11,965.60","39,950.46"
16-06-2019,30218.5433,33601.00744,"11,965.60","39,950.46"
17-06-2019,30111.59787,33180.45303,"11,906.20","39,756.81"
18-06-2019,30108.84122,33434.31543,"11,914.05","39,741.36"
19-06-2019,30075.8933,33442.52262,"11,823.30","39,452.07"
20-06-2019,30886.90144,34323.75491,"11,672.15","38,960.79"
21-06-2019,31223.46337,34170.04294,"11,691.50","39,046.34"
22-06-2019,31223.46337,34170.04294,"11,691.50","39,046.34"
23-06-2019,31223.46337,34170.04294,"11,691.50","39,046.34"
24-06-2019,31458.82888,34397.25403,"11,691.45","39,112.74"
25-06-2019,31873.37017,34291.59568,"11,831.75","39,601.63"
26-06-2019,31432.97825,34154.35616,"11,724.10","39,194.49"
27-06-2019,31384.73408,34126.00319,"11,699.65","39,122.96"
28-06-2019,31404.47884,33923.07793,"11,796.45","39,434.94"
29-06-2019,31404.47884,33923.07793,"11,796.45","39,434.94"
30-06-2019,31404.47884,33923.07793,"11,796.45","39,434.94"
01-07-2019,30811.38337,33823.58897,"11,847.55","39,592.08"
02-07-2019,30804.48796,33593.62225,"11,841.55","39,586.41"
03-07-2019,31303.91266,33906.11269,"11,788.85","39,394.64"
04-07-2019,31290.79224,33792.02102,"11,865.60","39,686.50"
05-07-2019,30689.72888,33614.71762,"11,910.30","39,816.48"
06-07-2019,30689.72888,33614.71762,"11,910.30","39,816.48"
07-07-2019,30689.72888,33614.71762,"11,910.30","39,816.48"
08-07-2019,30809.08763,33161.41351,"11,916.75","39,839.25"
09-07-2019,30672.84186,33118.42542,"11,946.75","39,908.06"
10-07-2019,31040.4633,33271.02134,"11,811.15","39,513.39"
11-07-2019,31139.04519,33622.45976,"11,558.60","38,720.57"
12-07-2019,30974.12452,33315.44794,"11,555.90","38,730.82"
13-07-2019,30974.12452,33315.44794,"11,555.90","38,730.82"
14-07-2019,30974.12452,33315.44794,"11,555.90","38,730.82"
15-07-2019,31128.56263,33764.48453,"11,498.90","38,557.04"
16-07-2019,31064.4287,33921.11784,"11,582.90","38,823.11"
17-07-2019,31142.69044,34469.27343,"11,552.50","38,736.23"
18-07-2019,31347.13723,35450.60565,"11,588.35","38,896.71"
19-07-2019,31838.92419,36080.57568,"11,662.60","39,131.04"
20-07-2019,31838.92419,36080.57568,"11,662.60","39,131.04"
21-07-2019,31838.92419,36080.57568,"11,662.60","39,131.04"
22-07-2019,31605.72491,36271.04203,"11,687.50","39,215.64"
23-07-2019,31697.73296,36532.82961,"11,596.90","38,897.46"
24-07-2019,31664.6309,36691.87231,"11,419.25","38,337.01"
25-07-2019,31406.15639,36671.19525,"11,346.20","38,031.13"
26-07-2019,31580.02193,36551.36303,"11,331.05","37,982.74"
27-07-2019,31580.02193,36551.36303,"11,331.05","37,982.74"
28-07-2019,31580.02193,36551.36303,"11,331.05","37,982.74"
29-07-2019,31421.12033,36291.33309,"11,271.30","37,847.65"
30-07-2019,31516.63788,36370.45209,"11,252.15","37,830.98"
31-07-2019,31704.33671,36589.18758,"11,284.30","37,882.79"
01-08-2019,31208.40443,35505.43879,"11,189.20","37,686.37"
02-08-2019,32121.44788,36081.62639,"11,085.40","37,397.24"
03-08-2019,32121.44788,36081.62639,"11,085.40","37,397.24"
04-08-2019,32121.44788,36081.62639,"11,085.40","37,397.24"
05-08-2019,32831.5687,36937.61543,"11,118.00","37,481.12"
06-08-2019,33692.24544,37675.98987,"10,980.00","37,018.32"
07-08-2019,34394.60033,38412.87989,"10,997.35","37,118.22"
08-08-2019,34222.94803,38941.97396,"10,862.60","36,699.84"
09-08-2019,33940.99696,38525.53571,"10,948.25","36,976.85"
10-08-2019,33940.99696,38525.53571,"10,948.25","36,976.85"
11-08-2019,33940.99696,38525.53571,"10,948.25","36,976.85"
12-08-2019,34307.65345,38657.95602,"10,855.50","36,690.50"
13-08-2019,34336.95883,39976.52475,"11,032.45","37,327.36"
14-08-2019,34596.63975,39129.12535,"11,109.65","37,581.91"
15-08-2019,34728.35571,39616.88188,"11,109.65","37,581.91"
16-08-2019,34979.82454,39614.17516,"10,925.85","36,958.16"
17-08-2019,34979.82454,39614.17516,"10,925.85","36,958.16"
18-08-2019,34979.82454,39614.17516,"10,925.85","36,958.16"
19-08-2019,34234.12198,38715.25554,"11,029.40","37,311.53"
20-08-2019,34559.15579,39094.53534,"11,047.80","37,350.33"
21-08-2019,34576.65906,39355.17289,"11,053.90","37,402.49"
22-08-2019,34494.72759,38948.80863,"11,017.00","37,328.01"
23-08-2019,34938.86717,39613.4915,"10,918.70","37,060.37"
24-08-2019,34938.86717,39613.4915,"10,918.70","37,060.37"
25-08-2019,34938.86717,39613.4915,"10,918.70","37,060.37"
26-08-2019,34938.86717,39613.4915,"10,918.70","37,060.37"
27-08-2019,35490.60054,41036.62184,"10,741.35","36,472.93"
28-08-2019,35353.09143,42237.87686,"10,829.35","36,701.16"
29-08-2019,35563.86991,42671.10219,"11,057.85","37,494.12"
30-08-2019,35223.09948,42369.58152,"11,105.35","37,641.27"
31-08-2019,35223.09948,42369.58152,"11,105.35","37,641.27"
01-09-2019,35223.09948,42369.58152,"11,105.35","37,641.27"
02-09-2019,35051.68942,42150.69306,"11,046.10","37,451.84"
03-09-2019,35578.92896,42742.83659,"10,948.30","37,068.93"
04-09-2019,35869.70889,44787.83585,"11,023.25","37,332.79"
05-09-2019,35375.75443,44465.5026,"10,797.90","36,562.91"
06-09-2019,35233.82747,41958.24633,"10,844.65","36,724.74"
07-09-2019,35233.82747,41958.24633,"10,844.65","36,724.74"
08-09-2019,35233.82747,41958.24633,"10,844.65","36,724.74"
09-09-2019,34760.09761,41849.38865,"10,847.90","36,644.42"
10-09-2019,34726.82709,41697.68859,"10,946.20","36,981.77"
11-09-2019,34441.88245,41970.73724,"11,003.05","37,145.45"
12-09-2019,34860.4405,41850.01404,"11,035.70","37,270.82"
13-09-2019,34293.88458,41398.61191,"10,982.80","37,104.28"
14-09-2019,34293.88458,41398.61191,"10,982.80","37,104.28"
15-09-2019,34293.88458,41398.61191,"10,982.80","37,104.28"
16-09-2019,34166.01254,40699.36105,"11,075.90","37,384.99"
17-09-2019,34565.17765,41052.04509,"11,003.50","37,123.31"
18-09-2019,34553.89056,41023.40848,"10,817.60","36,481.09"
19-09-2019,34323.08152,40608.13703,"10,840.65","36,563.88"
20-09-2019,34468.78052,41034.80896,"10,704.80","36,093.47"
21-09-2019,34468.78052,41034.80896,"10,704.80","36,093.47"
22-09-2019,34468.78052,41034.80896,"10,704.80","36,093.47"
23-09-2019,34778.27393,41996.23381,"11,274.20","38,014.62"
24-09-2019,34721.67391,42378.86875,"11,600.20","39,090.03"
25-09-2019,34876.29947,42364.86549,"11,588.20","39,097.14"
26-09-2019,34377.41184,41009.16694,"11,440.20","38,593.52"
27-09-2019,33987.45452,39966.45434,"11,571.20","38,989.74"
28-09-2019,33987.45452,39966.45434,"11,571.20","38,989.74"
29-09-2019,33987.45452,39966.45434,"11,571.20","38,989.74"
30-09-2019,33666.67218,39111.18484,"11,512.40","38,822.57"
01-10-2019,33462.97397,38857.88352,"11,474.45","38,667.33"
02-10-2019,34119.58687,39454.91554,"11,474.45","38,667.33"
03-10-2019,34699.39303,40255.04695,"11,359.90","38,305.41"
04-10-2019,34232.20375,40199.97646,"11,314.00","38,106.87"
05-10-2019,34232.20375,40199.97646,"11,314.00","38,106.87"
06-10-2019,34232.20375,40199.97646,"11,314.00","38,106.87"
07-10-2019,34181.20919,39674.10958,"11,174.75","37,673.31"
08-10-2019,34358.56602,40054.76153,"11,126.40","37,531.98"
09-10-2019,34509.23199,40708.18675,"11,313.30","38,177.95"
10-10-2019,34176.12516,40582.43388,"11,234.55","37,880.40"
11-10-2019,33859.68639,40288.71179,"11,305.05","38,127.08"
12-10-2019,33859.68639,40288.71179,"11,305.05","38,127.08"
13-10-2019,33859.68639,40288.71179,"11,305.05","38,127.08"
14-10-2019,33986.16882,40139.97733,"11,341.15","38,214.47"
15-10-2019,34071.56759,40465.42541,"11,428.30","38,506.09"
16-10-2019,34263.27551,39809.63025,"11,464.00","38,598.99"
17-10-2019,34242.81726,40031.96738,"11,586.35","39,052.06"
18-10-2019,34071.17253,39867.84518,"11,661.85","39,298.38"
19-10-2019,34071.17253,39867.84518,"11,661.85","39,298.38"
20-10-2019,34071.17253,39867.84518,"11,661.85","39,298.38"
21-10-2019,34089.71883,40508.17995,"11,588.35","38,963.84"
22-10-2019,33956.24808,40292.11111,"11,604.10","39,058.83"
23-10-2019,34149.86393,40069.44789,"11,582.60","39,020.39"
24-10-2019,34129.29007,39977.7124,"11,583.90","39,058.06"
25-10-2019,34527.10631,41349.48639,"11,786.85","39,831.84"
26-10-2019,34527.10631,41349.48639,"11,786.85","39,831.84"
27-10-2019,34527.10631,41349.48639,"11,786.85","39,831.84"
28-10-2019,33985.46626,41115.49138,"11,844.10","40,051.87"
29-10-2019,33811.4392,40162.09964,"11,877.45","40,129.05"
30-10-2019,34004.68244,40919.11221,"11,890.60","40,165.03"
31-10-2019,34485.61656,41208.36606,"11,941.30","40,301.96"
01-11-2019,34573.58384,41521.29766,"11,917.20","40,248.23"
02-11-2019,34573.58384,41521.29766,"11,917.20","40,248.23"
03-11-2019,34573.58384,41521.29766,"11,917.20","40,248.23"
04-11-2019,34219.45741,41225.66716,"11,966.05","40,469.78"
05-11-2019,33988.28106,41191.34503,"12,012.05","40,653.74"
06-11-2019,33871.91483,39979.36719,"11,908.15","40,323.61"
07-11-2019,34003.87235,40160.88141,"11,913.45","40,345.08"
08-11-2019,33567.15699,38538.6681,"11,840.45","40,116.06"
09-11-2019,33567.15699,38538.6681,"11,840.45","40,116.06"
10-11-2019,33567.15699,38538.6681,"11,840.45","40,116.06"
11-11-2019,33461.90689,38721.94339,"11,872.10","40,286.48"
12-11-2019,33494.92966,38603.19189,"11,895.45","40,356.69"
13-11-2019,33760.54314,39116.90521,"11,884.50","40,284.19"
14-11-2019,34017.54805,39511.05792,"11,940.10","40,469.70"
15-11-2019,33935.62308,39027.47027,"11,999.10","40,651.64"
16-11-2019,33935.62308,39027.47027,"11,999.10","40,651.64"
17-11-2019,33935.62308,39027.47027,"11,999.10","40,651.64"
18-11-2019,33796.97823,38675.45051,"11,968.40","40,575.17"
19-11-2019,33961.75601,39606.05208,"11,914.40","40,359.41"
20-11-2019,34100.79862,39657.2106,"12,073.75","40,889.23"
21-11-2019,33950.60472,39549.83366,"12,037.70","40,821.30"
22-11-2019,33777.48004,39614.06806,"12,100.70","41,020.61"
23-11-2019,33777.48004,39614.06806,"12,100.70","41,020.61"
24-11-2019,33777.48004,39614.06806,"12,100.70","41,020.61"
25-11-2019,33657.86611,38933.63969,"12,151.15","41,130.17"
26-11-2019,33523.0557,39027.4601,"12,056.05","40,793.81"
27-11-2019,33399.29235,39166.97707,"12,048.20","40,802.17"
28-11-2019,33311.85119,38804.47657,"11,994.20","40,675.45"
29-11-2019,33587.83982,39024.60038,"12,043.20","40,850.29"
30-11-2019,33587.83982,39024.60038,"12,043.20","40,850.29"
01-12-2019,33587.83982,39024.60038,"12,043.20","40,850.29"
02-12-2019,33700.8494,38921.52302,"12,018.40","40,779.59"
03-12-2019,34019.24502,39170.60569,"11,921.50","40,445.15"
04-12-2019,34018.66434,39505.09932,"11,937.50","40,487.43"
05-12-2019,33919.30504,38769.51631,"11,856.80","40,239.88"
06-12-2019,33427.33749,38794.16963,"11,910.15","40,412.57"
07-12-2019,33427.33749,38794.16963,"11,910.15","40,412.57"
08-12-2019,33427.33749,38794.16963,"11,910.15","40,412.57"
09-12-2019,33494.49493,38084.32002,"11,971.80","40,581.71"
10-12-2019,33421.63923,38042.65225,"12,086.70","41,009.71"
11-12-2019,33398.86364,37934.62423,"12,053.95","40,938.72"
12-12-2019,33377.69791,38350.92487,"12,165.00","41,352.17"
13-12-2019,33341.35532,38499.64901,"12,221.65","41,558.57"
14-12-2019,33341.35532,38499.64901,"12,221.65","41,558.57"
15-12-2019,33341.35532,38499.64901,"12,221.65","41,558.57"
16-12-2019,33583.7538,38676.19525,"12,259.70","41,673.92"
17-12-2019,33650.3856,38899.28028,"12,271.80","41,681.54"
18-12-2019,33660.28944,38808.4949,"12,262.75","41,642.66"
19-12-2019,33703.90151,38663.51266,"12,214.55","41,461.26"
20-12-2019,33867.04913,39007.78782,"12,126.55","41,163.76"
21-12-2019,33867.04913,39007.78782,"12,126.55","41,163.76"
22-12-2019,33867.04913,39007.78782,"12,126.55","41,163.76"
23-12-2019,33855.74274,39689.86777,"12,245.80","41,575.14"
24-12-2019,33855.74274,39689.86777,"12,255.85","41,558.00"
25-12-2019,33855.74274,39689.86777,"12,255.85","41,558.00"
26-12-2019,33855.74274,39689.86777,"12,255.85","41,558.00"
27-12-2019,34726.57048,40952.77002,"12,168.45","41,253.74"
28-12-2019,34726.57048,40952.77002,"12,168.45","41,253.74"
29-12-2019,34726.57048,40952.77002,"12,168.45","41,253.74"
30-12-2019,34776.8912,40924.11855,"12,182.50","41,306.02"
31-12-2019,34776.8912,40924.11855,"12,282.20","41,626.64"
01-01-2020,34776.8912,40924.11855,"12,282.20","41,626.64"
02-01-2020,34871.40693,40931.82956,"12,226.65","41,464.61"
03-01-2020,35559.97968,41810.95916,"11,993.05","40,676.63"
04-01-2020,35559.97968,41810.95916,"11,993.05","40,676.63"
05-01-2020,35559.97968,41810.95916,"11,993.05","40,676.63"
06-01-2020,36273.32409,42519.87135,"12,052.95","40,869.47"
07-01-2020,36303.48748,42014.65576,"12,025.35","40,817.74"
08-01-2020,36469.18137,42734.3313,"12,215.90","41,452.35"
09-01-2020,35713.09269,41245.94487,"12,256.80","41,599.72"
10-01-2020,35660.0997,41120.66723,"12,329.55","41,859.69"
11-01-2020,35660.0997,41120.66723,"12,329.55","41,859.69"
12-01-2020,35660.0997,41120.66723,"12,329.55","41,859.69"
13-01-2020,35356.16871,41027.20784,"12,362.30","41,952.63"
14-01-2020,35130.37987,40403.0063,"12,343.30","41,872.73"
15-01-2020,35411.33623,40806.47848,"12,355.50","41,932.56"
16-01-2020,35451.99818,41072.36739,"12,352.35","41,945.37"
17-01-2020,35636.7312,41319.93872,"12,224.55","41,528.91"
18-01-2020,35636.7312,41319.93872,"12,224.55","41,528.91"
19-01-2020,35636.7312,41319.93872,"12,224.55","41,528.91"
20-01-2020,35630.46779,41233.73368,"12,169.85","41,323.81"
21-01-2020,35532.49321,41194.6039,"12,106.90","41,115.38"
22-01-2020,35641.49074,40680.15225,"12,180.35","41,386.40"
23-01-2020,35711.51253,40215.15264,"12,248.25","41,613.19"
24-01-2020,35870.34024,40885.26283,"12,119.00","41,155.12"
25-01-2020,35870.34024,40885.26283,"12,119.00","41,155.12"
26-01-2020,35870.34024,40885.26283,"12,119.00","41,155.12"
27-01-2020,36231.52764,41950.24354,"12,055.80","40,966.86"
28-01-2020,36261.18232,41410.08591,"12,129.50","41,198.66"
29-01-2020,36033.56714,40008.03445,"12,035.80","40,913.82"
30-01-2020,36178.96048,40631.84379,"11,962.10","40,723.49"
31-01-2020,36488.52586,41194.12227,"11,661.85","39,735.53"
01-02-2020,36488.52586,41194.12227,"11,661.85","39,735.53"
02-02-2020,36488.52586,41194.12227,"11,661.85","39,735.53"
03-02-2020,36222.76773,40874.96952,"11,707.90","39,872.31"
04-02-2020,35729.8474,40651.3424,"11,979.65","40,789.38"
05-02-2020,35507.34033,40278.07484,"12,089.15","41,142.66"
06-02-2020,35776.4423,40655.56818,"12,137.95","41,306.03"
07-02-2020,36136.54318,40832.12236,"12,098.35","41,141.85"
08-02-2020,36136.54318,40832.12236,"12,098.35","41,141.85"
09-02-2020,36136.54318,40832.12236,"12,098.35","41,141.85"
10-02-2020,36166.88195,40886.60027,"12,031.50","40,979.62"
11-02-2020,36087.14022,40682.76457,"12,107.90","41,216.14"
12-02-2020,35833.10388,40239.77132,"12,201.20","41,565.90"
13-02-2020,36103.83201,40435.0082,"12,174.65","41,459.79"
14-02-2020,36235.15279,40568.06502,"12,113.45","41,257.74"
15-02-2020,36235.15279,40568.06502,"12,113.45","41,257.74"
16-02-2020,36235.15279,40568.06502,"12,113.45","41,257.74"
17-02-2020,36348.05734,40928.35404,"12,045.80","41,055.69"
18-02-2020,36470.06923,41026.96407,"11,992.50","40,894.38"
19-02-2020,37026.54672,42342.10196,"12,125.90","41,323.00"
20-02-2020,37286.36926,42341.56262,"12,080.85","41,170.12"
21-02-2020,38098.08049,43029.29312,"11,829.40","40,363.23"
22-02-2020,38098.08049,43029.29312,"11,829.40","40,363.23"
23-02-2020,38098.08049,43029.29312,"11,829.40","40,363.23"
24-02-2020,38626.35733,43382.87673,"11,797.90","40,281.20"
25-02-2020,38226.78123,42458.75901,"11,678.50","39,888.96"
26-02-2020,37777.18517,41765.40596,"11,633.30","39,745.66"
27-02-2020,38062.57661,41587.7426,"11,201.75","38,297.29"
28-02-2020,37229.41486,39742.05636,"11,132.75","38,144.02"
29-02-2020,37229.41486,39742.05636,"11,132.75","38,144.02"
01-03-2020,37229.41486,39742.05636,"11,132.75","38,144.02"
02-03-2020,37301.59411,39443.40727,"11,303.30","38,623.70"
03-03-2020,37616.39823,39141.54468,"11,251.00","38,409.48"
04-03-2020,38714.79661,40675.47227,"11,269.00","38,470.61"
05-03-2020,39507.10948,40944.94355,"10,989.45","37,576.62"
06-03-2020,39978.18386,41506.17135,"10,451.45","35,634.95"
07-03-2020,39978.18386,41506.17135,"10,451.45","35,634.95"
08-03-2020,39978.18386,41506.17135,"10,451.45","35,634.95"
09-03-2020,39788.81452,40169.4549,"10,458.40","35,697.40"
10-03-2020,40001.14827,41240.53881,"9,590.15","32,778.14"
11-03-2020,39454.24858,40605.37027,"9,955.20","34,103.48"
12-03-2020,37753.15805,39719.2931,"9,197.40","31,390.07"
13-03-2020,37400.52754,37740.35829,"8,967.05","30,579.09"
14-03-2020,37400.52754,37740.35829,"8,967.05","30,579.09"
15-03-2020,37400.52754,37740.35829,"8,967.05","30,579.09"
16-03-2020,35313.35508,30774.86379,"8,468.80","28,869.51"
17-03-2020,37119.00894,30058.6168,"8,263.45","28,288.23"
18-03-2020,35650.4492,29554.03679,"8,745.45","29,915.96"
19-03-2020,35540.12135,28940.76017,"7,610.25","25,981.24"
20-03-2020,36572.64696,30909.56445,"7,801.05","26,674.03"
21-03-2020,36572.64696,30909.56445,"7,801.05","26,674.03"
22-03-2020,36572.64696,30909.56445,"7,801.05","26,674.03"
23-03-2020,36972.56315,30321.67071,"8,317.85","28,535.78"
24-03-2020,39497.00345,33513.72704,"8,641.45","29,946.77"
25-03-2020,39878.81435,34688.56971,"8,660.25","29,815.59"
26-03-2020,40521.13352,35729.88376,"8,281.10","28,440.32"
27-03-2020,38855.34248,34391.5308,"8,597.75","29,468.49"
28-03-2020,38855.34248,34391.5308,"8,597.75","29,468.49"
29-03-2020,38855.34248,34391.5308,"8,597.75","29,468.49"
30-03-2020,39264.07093,34101.0021,"8,253.80","28,265.31"
31-03-2020,39003.6467,33768.65648,"8,083.80","27,590.95"
01-04-2020,38578.04494,34294.58627,"8,792.20","30,067.21"
02-04-2020,39810.13109,34902.80853,"8,792.20","30,067.21"
03-04-2020,40006.60131,35688.73553,"8,748.75","29,893.96"
04-04-2020,40006.60131,35688.73553,"8,748.75","29,893.96"
05-04-2020,40006.60131,35688.73553,"8,748.75","29,893.96"
06-04-2020,40397.35526,35672.11708,"8,748.75","29,893.96"
07-04-2020,40280.06699,36818.06942,"9,111.90","31,159.62"
08-04-2020,40612.90678,37130.32168,"8,993.85","30,690.02"
09-04-2020,41043.77107,37059.42498,"8,925.30","30,379.81"
10-04-2020,41043.77107,37059.42498,"8,925.30","30,379.81"
11-04-2020,41043.77107,37059.42498,"8,925.30","30,379.81"
12-04-2020,41043.77107,37059.42498,"8,925.30","30,379.81"
13-04-2020,41043.77107,37059.42498,"8,925.30","30,379.81"
14-04-2020,43072.17386,38351.76627,"8,925.30","30,379.81"
15-04-2020,41956.3114,38010.05257,"8,992.80","30,602.61"
16-04-2020,42537.63121,38122.76864,"9,266.75","31,588.72"
17-04-2020,41824.08236,37461.40963,"9,261.85","31,648.00"
18-04-2020,41824.08236,37461.40963,"9,261.85","31,648.00"
19-04-2020,41824.08236,37461.40963,"9,261.85","31,648.00"
20-04-2020,41505.12599,37291.10774,"8,981.45","30,636.71"
21-04-2020,41420.49815,36863.64004,"9,187.30","31,379.55"
22-04-2020,42723.18978,37239.6457,"9,313.90","31,863.08"
23-04-2020,42979.9135,37886.68545,"9,154.40","31,327.22"
24-04-2020,42160.32584,37629.5466,"9,282.30","31,743.08"
25-04-2020,42160.32584,37629.5466,"9,282.30","31,743.08"
26-04-2020,42160.32584,37629.5466,"9,282.30","31,743.08"
27-04-2020,42053.72673,37285.45525,"9,380.90","32,114.52"
28-04-2020,41688.47993,37325.05859,"9,553.35","32,720.16"
29-04-2020,41875.23942,37281.70991,"9,859.90","33,717.62"
30-04-2020,41392.42503,37278.09942,"9,293.50","31,715.35"
01-05-2020,41050.95944,36139.45102,"9,205.60","31,453.51"
02-05-2020,41050.95944,36139.45102,"9,205.60","31,453.51"
03-05-2020,41050.95944,36139.45102,"9,205.60","31,453.51"
04-05-2020,41536.34904,36284.45914,"9,270.90","31,685.75"
05-05-2020,41325.56188,35865.49603,"9,199.05","31,443.38"
06-05-2020,41423.48984,36917.47616,"9,251.50","31,642.70"
07-05-2020,41939.02056,36867.8459,"9,239.20","31,561.22"
08-05-2020,41939.02056,36867.8459,"9,239.20","31,561.22"
09-05-2020,41939.02056,36867.8459,"9,239.20","31,561.22"
10-05-2020,41939.02056,36867.8459,"9,239.20","31,561.22"
11-05-2020,41345.89263,37503.29242,"9,196.55","31,371.12"
12-05-2020,41557.74788,37800.85327,"9,383.55","32,008.61"
13-05-2020,41397.12425,37704.241,"9,142.75","31,122.89"
14-05-2020,41991.97503,37660.8554,"9,136.85","31,097.73"
15-05-2020,42115.16276,39437.08156,"8,823.25","30,028.98"
16-05-2020,42115.16276,39437.08156,"8,823.25","30,028.98"
17-05-2020,42115.16276,39437.08156,"8,823.25","30,028.98"
18-05-2020,42286.22309,42293.5361,"8,879.10","30,196.17"
19-05-2020,42242.51821,41611.77892,"9,066.55","30,818.61"
20-05-2020,42550.2933,42518.65377,"9,106.25","30,932.90"
21-05-2020,42025.14838,41917.94759,"9,039.25","30,672.59"
22-05-2020,42149.50689,41333.77273,"9,029.05","30,609.30"
23-05-2020,42149.50689,41333.77273,"9,029.05","30,609.30"
24-05-2020,42149.50689,41333.77273,"9,029.05","30,609.30"
25-05-2020,42149.50689,41333.77273,"9,029.05","30,609.30"
26-05-2020,41963.62259,42201.46321,"9,314.95","31,605.22"
27-05-2020,41128.65436,41720.85262,"9,490.10","32,200.59"
28-05-2020,41899.56115,42305.78451,"9,580.30","32,424.10"
29-05-2020,42217.77301,42957.75017,"9,826.15","33,303.52"
30-05-2020,42217.77301,42957.75017,"9,826.15","33,303.52"
31-05-2020,42217.77301,42957.75017,"9,826.15","33,303.52"
01-06-2020,42015.57451,44088.91906,"9,979.10","33,825.53"
02-06-2020,42417.42078,44483.32679,"10,061.55","34,109.54"
03-06-2020,41271.95482,43223.80233,"10,029.10","33,980.70"
04-06-2020,41172.48959,42987.65861,"10,142.15","34,287.24"
05-06-2020,40854.62827,42663.83706,"10,167.45","34,370.58"
06-06-2020,40854.62827,42663.83706,"10,167.45","34,370.58"
07-06-2020,40854.62827,42663.83706,"10,167.45","34,370.58"
08-06-2020,41040.82955,42804.73423,"10,046.65","33,956.69"
09-06-2020,41537.94989,42737.90817,"10,116.15","34,247.05"
10-06-2020,41806.05839,43006.55175,"9,902.00","33,538.37"
11-06-2020,42403.4976,43604.91986,"9,972.90","33,780.89"
12-06-2020,42574.65021,43286.88837,"9,813.70","33,228.80"
13-06-2020,42574.65021,43286.88837,"9,813.70","33,228.80"
14-06-2020,42574.65021,43286.88837,"9,813.70","33,228.80"
15-06-2020,41770.37408,41722.75373,"9,914.00","33,605.22"
16-06-2020,42077.67366,42595.12739,"9,881.15","33,507.92"
17-06-2020,42357.5236,42913.90596,"10,091.65","34,208.05"
18-06-2020,42175.41957,43205.58393,"10,244.40","34,731.73"
19-06-2020,42657.27634,43093.74652,"10,311.20","34,911.32"
20-06-2020,42657.27634,43093.74652,"10,311.20","34,911.32"
21-06-2020,42657.27634,43093.74652,"10,311.20","34,911.32"
22-06-2020,43195.75796,43787.85011,"10,471.00","35,430.43"
23-06-2020,43222.27402,43517.93207,"10,305.30","34,868.98"
24-06-2020,43061.78563,43536.03706,"10,288.90","34,842.10"
25-06-2020,42903.5656,42816.85719,"10,383.00","35,171.27"
26-06-2020,42444.48348,43304.25386,"10,312.40","34,961.52"
27-06-2020,42444.48348,43304.25386,"10,312.40","34,961.52"
28-06-2020,42444.48348,43304.25386,"10,312.40","34,961.52"
29-06-2020,43071.69044,43531.19312,"10,302.10","34,915.80"
30-06-2020,42929.18434,43327.37371,"10,430.05","35,414.45"
01-07-2020,43022.56115,44260.24472,"10,551.70","35,843.70"
02-07-2020,43246.89145,43613.07093,"10,607.35","36,021.42"
03-07-2020,42678.76204,43379.28207,"10,763.65","36,487.28"
04-07-2020,42678.76204,43379.28207,"10,763.65","36,487.28"
05-07-2020,42678.76204,43379.28207,"10,763.65","36,487.28"
06-07-2020,42927.36087,43830.13439,"10,799.65","36,674.52"
07-07-2020,42925.6669,43224.30318,"10,705.75","36,329.01"
08-07-2020,43743.91548,44647.24629,"10,813.45","36,737.69"
09-07-2020,43649.21648,45369.07413,"10,768.05","36,594.33"
10-07-2020,43675.3249,45465.35679,"10,802.70","36,693.69"
11-07-2020,43675.3249,45465.35679,"10,802.70","36,693.69"
12-07-2020,43675.3249,45465.35679,"10,802.70","36,693.69"
13-07-2020,43697.2346,46163.13663,"10,607.35","36,033.06"
14-07-2020,43709.98428,45834.96048,"10,618.20","36,051.81"
15-07-2020,43848.00411,46967.85545,"10,739.95","36,471.68"
16-07-2020,43661.73695,46482.83054,"10,901.70","37,020.14"
17-07-2020,43824.75714,46459.31042,"11,022.20","37,418.99"
18-07-2020,43824.75714,46459.31042,"11,022.20","37,418.99"
19-07-2020,43824.75714,46459.31042,"11,022.20","37,418.99"
20-07-2020,43720.9524,46811.6275,"11,162.25","37,930.33"
21-07-2020,44423.56031,49557.74781,"11,132.60","37,871.52"
22-07-2020,44530.01831,53474.9653,"11,215.45","38,140.47"
23-07-2020,45182.82701,54990.12008,"11,194.15","38,128.90"
24-07-2020,45892.9351,54226.57675,"11,131.80","37,934.73"
25-07-2020,45892.9351,54226.57675,"11,131.80","37,934.73"
26-07-2020,45892.9351,54226.57675,"11,131.80","37,934.73"
27-07-2020,46527.66897,58560.50041,"11,300.55","38,492.95"
28-07-2020,46801.0031,56774.15725,"11,202.85","38,071.13"
29-07-2020,47098.58157,58749.49934,"11,102.15","37,736.07"
30-07-2020,47098.65407,55720.11484,"11,073.45","37,606.89"
31-07-2020,47243.13492,57872.78016,"10,891.60","36,939.60"
01-08-2020,47243.13492,57872.78016,"10,891.60","36,939.60"
02-08-2020,47243.13492,57872.78016,"10,891.60","36,939.60"
03-08-2020,47174.90091,58361.94374,"11,095.25","37,687.91"
04-08-2020,47903.03694,58925.16754,"11,101.65","37,663.33"
05-08-2020,49551.75061,65189.16681,"11,200.15","38,025.45"
06-08-2020,49911.73368,67328.86795,"11,214.05","38,040.57"
07-08-2020,48911.77355,68220.98539,"11,270.15","38,182.08"
08-08-2020,48911.77355,68220.98539,"11,270.15","38,182.08"
09-08-2020,48911.77355,68220.98539,"11,270.15","38,182.08"
10-08-2020,49316.79685,68192.01991,"11,322.50","38,407.01"
11-08-2020,46833.2217,68282.60303,"11,308.40","38,369.63"
12-08-2020,46521.87499,62152.78189,"11,300.45","38,310.49"
13-08-2020,46880.21782,63294.62352,"11,178.40","37,877.34"
14-08-2020,46912.59522,64419.6352,"11,247.10","38,050.78"
15-08-2020,46912.59522,64419.6352,"11,247.10","38,050.78"
16-08-2020,46912.59522,64419.6352,"11,247.10","38,050.78"
17-08-2020,47509.76351,64816.14339,"11,385.35","38,528.32"
18-08-2020,48437.073,68300.1913,"11,408.40","38,614.79"
19-08-2020,47637.36912,65985.33108,"11,312.20","38,220.39"
20-08-2020,46580.97545,65056.01299,"11,371.60","38,434.72"
21-08-2020,46519.48506,64907.53625,"11,466.45","38,799.08"
22-08-2020,46519.48506,64907.53625,"11,466.45","38,799.08"
23-08-2020,46519.48506,64907.53625,"11,466.45","38,799.08"
24-08-2020,46825.67273,64760.31849,"11,472.25","38,843.88"
25-08-2020,45714.97221,63376.40629,"11,549.60","39,073.92"
26-08-2020,46269.05588,63181.75482,"11,559.25","39,113.47"
27-08-2020,46055.86801,65222.97082,"11,647.60","39,467.31"
28-08-2020,46549.48204,65043.46866,"11,387.50","38,628.29"
29-08-2020,46549.48204,65043.46866,"11,387.50","38,628.29"
30-08-2020,46549.48204,65043.46866,"11,387.50","38,628.29"
31-08-2020,46549.48204,65043.46866,"11,387.50","38,628.29"
01-09-2020,46715.97105,68415.38387,"11,470.25","38,900.80"
02-09-2020,45866.33262,65264.20714,"11,535.00","39,086.03"
03-09-2020,45829.39382,63532.20612,"11,527.45","38,990.94"
04-09-2020,45623.71149,63510.34748,"11,333.85","38,357.18"
05-09-2020,45623.71149,63510.34748,"11,333.85","38,357.18"
06-09-2020,45623.71149,63510.34748,"11,333.85","38,357.18"
07-09-2020,45440.76235,63220.49594,"11,355.05","38,417.23"
08-09-2020,45249.40001,63163.75338,"11,317.35","38,365.35"
09-09-2020,46193.40303,62948.94975,"11,278.00","38,193.92"
10-09-2020,46495.63342,64094.80706,"11,449.25","38,840.32"
11-09-2020,46175.10891,63723.73688,"11,464.45","38,854.55"
12-09-2020,46175.10891,63723.73688,"11,464.45","38,854.55"
13-09-2020,46175.10891,63723.73688,"11,464.45","38,854.55"
14-09-2020,46272.19693,63512.943,"11,440.05","38,756.63"
15-09-2020,45991.96433,64988.26057,"11,521.80","39,044.35"
16-09-2020,46428.31006,64797.99823,"11,604.55","39,302.85"
17-09-2020,45920.06665,63428.38903,"11,516.10","38,979.85"
18-09-2020,46275.72815,64188.49239,"11,504.95","38,845.82"
19-09-2020,46275.72815,64188.49239,"11,504.95","38,845.82"
20-09-2020,46275.72815,64188.49239,"11,504.95","38,845.82"
21-09-2020,45140.79334,62320.23005,"11,250.55","38,034.14"
22-09-2020,45089.17148,57485.14517,"11,153.65","37,734.08"
23-09-2020,44271.65142,55759.02718,"11,131.85","37,668.42"
24-09-2020,44299.87661,52871.93546,"10,805.55","36,553.60"
25-09-2020,44191.30787,53774.76459,"11,050.25","37,388.66"
26-09-2020,44191.30787,53774.76459,"11,050.25","37,388.66"
27-09-2020,44191.30787,53774.76459,"11,050.25","37,388.66"
28-09-2020,44174.38396,54237.60386,"11,227.55","37,981.63"
29-09-2020,44679.60096,56526.88707,"11,222.40","37,973.22"
30-09-2020,44682.95131,56182.25766,"11,247.55","38,067.93"
01-10-2020,45071.10576,55971.5835,"11,416.95","38,697.05"
02-10-2020,44921.60921,56333.47541,"11,416.95","38,697.05"
03-10-2020,44921.60921,56333.47541,"11,416.95","38,697.05"
04-10-2020,44921.60921,56333.47541,"11,416.95","38,697.05"
05-10-2020,45016.36466,56376.53754,"11,503.35","38,973.70"
06-10-2020,44978.78689,57122.63622,"11,662.40","39,574.57"
07-10-2020,44723.06051,55841.52899,"11,738.85","39,878.95"
08-10-2020,44627.70984,56652.09291,"11,834.60","40,182.67"
09-10-2020,45312.17563,57286.65282,"11,914.20","40,509.49"
10-10-2020,45312.17563,57286.65282,"11,914.20","40,509.49"
11-10-2020,45312.17563,57286.65282,"11,914.20","40,509.49"
12-10-2020,45200.76196,58827.89377,"11,930.95","40,593.80"
13-10-2020,44602.17276,58803.74228,"11,934.50","40,625.51"
14-10-2020,45085.80005,57063.91017,"11,971.05","40,794.74"
15-10-2020,44702.51282,56554.50311,"11,680.35","39,728.41"
16-10-2020,45060.69365,57619.40618,"11,762.45","39,982.98"
17-10-2020,45060.69365,57619.40618,"11,762.45","39,982.98"
18-10-2020,45060.69365,57619.40618,"11,762.45","39,982.98"
19-10-2020,44996.38597,58653.97919,"11,873.05","40,431.60"
20-10-2020,44795.79471,58118.43783,"11,896.80","40,544.37"
21-10-2020,45456.60807,59107.88316,"11,937.65","40,707.31"
22-10-2020,45058.44517,59056.32245,"11,896.45","40,558.49"
23-10-2020,45119.38525,58684.94622,"11,930.35","40,685.50"
24-10-2020,45119.38525,58684.94622,"11,930.35","40,685.50"
25-10-2020,45119.38525,58684.94622,"11,930.35","40,685.50"
26-10-2020,45065.71842,57636.26344,"11,767.75","40,145.50"
27-10-2020,45423.77161,58242.63312,"11,889.40","40,522.10"
28-10-2020,44377.69957,56778.86908,"11,729.60","39,922.46"
29-10-2020,44761.88716,55081.79613,"11,670.80","39,749.85"
30-10-2020,44931.82709,56408.02482,"11,642.40","39,614.07"
31-10-2020,44931.82709,56408.02482,"11,642.40","39,614.07"
01-11-2020,44931.82709,56408.02482,"11,642.40","39,614.07"
02-11-2020,45393.3874,57585.39938,"11,669.15","39,757.58"
03-11-2020,45681.64845,57859.11246,"11,813.50","40,261.13"
04-11-2020,45726.75863,57695.39447,"11,908.50","40,616.14"
05-11-2020,46237.42371,58606.2834,"12,120.30","41,340.16"
06-11-2020,46249.49019,61434.04046,"12,263.55","41,893.06"
07-11-2020,46249.49019,61434.04046,"12,263.55","41,893.06"
08-11-2020,46249.49019,61434.04046,"12,263.55","41,893.06"
09-11-2020,44411.40429,59709.11502,"12,461.05","42,597.43"
10-11-2020,44781.71785,57672.52161,"12,631.10","43,277.65"
11-11-2020,44557.55986,57967.08801,"12,749.15","43,593.67"
12-11-2020,44982.17565,58097.62826,"12,690.80","43,357.19"
13-11-2020,45395.76496,58206.16222,"12,719.95","43,443.00"
14-11-2020,45395.76496,58206.16222,"12,719.95","43,443.00"
15-11-2020,45395.76496,58206.16222,"12,719.95","43,443.00"
16-11-2020,45218.87347,58190.28239,"12,780.25","43,637.98"
17-11-2020,45277.43925,59034.08214,"12,874.20","43,952.71"
18-11-2020,44924.88666,58224.43469,"12,938.25","44,180.05"
19-11-2020,44440.00942,57375.90792,"12,771.70","43,599.96"
20-11-2020,44685.84676,57569.62664,"12,859.05","43,882.25"
21-11-2020,44685.84676,57569.62664,"12,859.05","43,882.25"
22-11-2020,44685.84676,57569.62664,"12,859.05","43,882.25"
23-11-2020,43852.05859,56965.73528,"12,926.45","44,077.15"
24-11-2020,42956.70918,55271.31591,"13,055.15","44,523.02"
25-11-2020,43044.62204,55666.47895,"12,858.40","43,828.10"
26-11-2020,42872.92146,55411.721,"12,987.00","44,259.74"
27-11-2020,42360.19299,55078.01185,"12,968.95","44,149.72"
28-11-2020,42360.19299,55078.01185,"12,968.95","44,149.72"
29-11-2020,42360.19299,55078.01185,"12,968.95","44,149.72"
30-11-2020,41897.1075,52652.17617,"13,109.05","44,655.44"
01-12-2020,43095.19215,56012.44497,"13,113.75","44,618.04"
02-12-2020,43168.96088,56797.52452,"13,133.90","44,632.65"
03-12-2020,43395.65047,57241.95006,"13,258.55","45,079.55"
04-12-2020,43811.65545,57587.48526,"13,355.75","45,426.97"
05-12-2020,43811.65545,57587.48526,"13,355.75","45,426.97"
06-12-2020,43811.65545,57587.48526,"13,355.75","45,426.97"
07-12-2020,44125.66585,56344.77077,"13,392.95","45,608.51"
08-12-2020,44331.97581,58080.19205,"13,529.10","46,103.50"
09-12-2020,43718.75668,57172.05129,"13,478.30","45,959.88"
10-12-2020,43771.5805,56685.78091,"13,513.85","46,099.01"
11-12-2020,43662.15423,56450.28246,"13,558.15","46,253.46"
12-12-2020,43662.15423,56450.28246,"13,558.15","46,253.46"
13-12-2020,43662.15423,56450.28246,"13,558.15","46,253.46"
14-12-2020,43411.62148,56553.76296,"13,567.85","46,263.17"
15-12-2020,43946.50469,57502.20793,"13,682.70","46,666.46"
16-12-2020,43917.71634,59594.06094,"13,740.70","46,890.34"
17-12-2020,44877.34136,61094.42109,"13,760.55","46,960.69"
18-12-2020,44483.29518,61089.83988,"13,328.40","45,553.96"
19-12-2020,44483.29518,61089.83988,"13,328.40","45,553.96"
20-12-2020,44483.29518,61089.83988,"13,328.40","45,553.96"
21-12-2020,44488.48779,61893.42543,"13,466.30","46,006.69"
22-12-2020,44620.0451,61257.18193,"13,601.10","46,444.18"
23-12-2020,44612.44374,60232.74737,"13,749.25","46,973.54"
24-12-2020,44612.44374,60232.74737,"13,873.20","47,353.75"
25-12-2020,44612.44374,60232.74737,"13,873.20","47,353.75"
26-12-2020,44612.44374,60232.74737,"13,873.20","47,353.75"
27-12-2020,44612.44374,60232.74737,"13,873.20","47,353.75"
28-12-2020,44612.44374,60232.74737,"13,873.20","47,353.75"
29-12-2020,44318.2292,61832.24103,"13,932.60","47,613.08"
30-12-2020,44699.52774,62291.85618,"13,981.95","47,746.22"
