Date,Gold Price (INR / 10gms),Silver Price (INR / 1kg),Price_Nifty,Price_Sensex,Impact
2018-01-02,26941.49638,35030.82415,"10,435.55","33,812.75",-0.22
2018-01-03,26793.886,34895.83221,"10,435.55","33,812.75",-0.5
2018-01-04,26802.26006,34927.55533,"10,435.55","33,812.75",0.32
2018-01-05,26835.32914,34951.22586,"10,435.55","33,812.75",0.2
2018-01-06,26835.32914,34951.22586,"10,435.55","33,812.75",-0.12
2018-01-07,26835.32914,34951.22586,"10,435.55","33,812.75",0.98
2018-01-08,26847.9867,34924.04497,"10,435.55","33,812.75",-0.52
2018-01-09,26744.67861,34792.56245,"10,435.55","33,812.75",-0.02
2018-01-10,27001.16849,35057.02005,"10,435.55","33,812.75",-0.53
2018-01-11,27121.59897,34869.30943,"10,435.55","33,812.75",-0.58
2018-01-12,27160.97619,35046.42089,"10,435.55","33,812.75",-0.12
2018-01-13,27160.97619,35046.42089,"10,435.55","33,812.75",-0.6
2018-01-14,27160.97619,35046.42089,"10,435.55","33,812.75",-0.6
2018-01-15,27379.8447,35419.51162,"10,442.20","33,812.26",-0.54
2018-01-16,27241.0144,34912.85686,"10,443.20","33,793.38",-0.41
2018-01-17,27480.50481,35408.93855,"10,504.80","33,969.64",0.11
2018-01-18,27337.00913,35069.02011,"10,558.85","34,153.85",-0.23
2018-01-19,27411.72257,34989.75636,"10,623.60","34,352.79",-0.39
2018-01-20,27411.72257,34989.75636,"10,623.60","34,352.79",-0.84
2018-01-21,27411.72257,34989.75636,"10,623.60","34,352.79",-0.5
2018-01-22,27348.2587,34960.04705,"10,637.00","34,443.19",-0.45
2018-01-23,27385.25418,34873.37753,"10,632.20","34,433.07",-0.26
2018-01-24,27745.63732,35232.88066,"10,651.20","34,503.49",-0.81
2018-01-25,27696.19998,35812.20146,"10,681.25","34,592.39",-0.84
2018-01-26,27657.62249,35564.61821,"10,681.25","34,592.39",0.47
2018-01-27,27657.62249,35564.61821,"10,681.25","34,592.39",-0.38
2018-01-28,27657.62249,35564.61821,"10,681.25","34,592.39",-0.49
2018-01-29,27465.89435,35429.64457,"10,741.55","34,843.51",-0.22
2018-01-30,27530.33412,35403.16221,"10,700.45","34,771.05",-0.45
2018-01-31,27576.90887,35325.83471,"10,788.55","35,081.82",-0.71
2018-02-01,27455.76835,35185.79476,"10,817.00","35,260.29",-0.09
2018-02-02,27379.65778,35243.99475,"10,894.70","35,511.58",-0.25
2018-02-03,27379.65778,35243.99475,"10,894.70","35,511.58",0.0
2018-02-04,27379.65778,35243.99475,"10,894.70","35,511.58",-0.34
2018-02-05,27497.5813,34794.6674,"10,966.20","35,798.01",-0.01
2018-02-06,27530.20965,34748.77371,"11,083.70","36,139.98",-0.22
2018-02-07,27248.0933,34331.38393,"11,086.00","36,161.64",-0.44
2018-02-08,27151.89161,33737.32702,"11,069.65","36,050.44",-0.09
2018-02-09,27225.3851,33884.11637,"11,130.40","36,283.25",-0.14
2018-02-10,27225.3851,33884.11637,"11,130.40","36,283.25",-0.53
2018-02-11,27225.3851,33884.11637,"11,130.40","36,283.25",-0.2
2018-02-12,27298.08776,33908.42407,"11,049.65","36,033.73",-0.01
2018-02-13,27391.81701,34318.56653,"11,027.70","35,965.02",-0.37
2018-02-14,27602.6164,34248.93395,"11,016.90","35,906.66",0.09
2018-02-15,27839.59417,34633.52967,"10,760.60","35,066.75",-0.76
2018-02-16,27774.00803,34581.42336,"10,666.55","34,757.16",-0.11
2018-02-17,27774.00803,34581.42336,"10,666.55","34,757.16",-0.44
2018-02-18,27774.00803,34581.42336,"10,666.55","34,757.16",-0.46
2018-02-19,27872.78086,34608.11644,"10,498.25","34,195.94",-0.51
2018-02-20,27786.91151,34364.22912,"10,476.70","34,082.71",0.21
2018-02-21,27746.99948,34274.4785,"10,576.85","34,413.16",-0.19
2018-02-22,27714.97396,34352.92252,"10,454.95","34,005.76",-0.22
2018-02-23,27730.70971,34685.57463,"10,539.75","34,300.47",-0.71
2018-02-24,27730.70971,34685.57463,"10,539.75","34,300.47",-0.01
2018-02-25,27730.70971,34685.57463,"10,539.75","34,300.47",-1.0
2018-02-26,27820.28185,34777.96014,"10,500.90","34,155.95",-0.77
2018-02-27,27612.22111,34594.6817,"10,545.50","34,297.47",-0.19
2018-02-28,27502.25819,34308.69406,"10,452.30","34,010.76",-0.01
2018-03-01,27430.22727,34220.92586,"10,378.40","33,774.66",-0.13
2018-03-02,27697.15551,34446.01999,"10,360.40","33,703.59",0.0
2018-03-03,27697.15551,34446.01999,"10,360.40","33,703.59",-0.8
2018-03-04,27697.15551,34446.01999,"10,360.40","33,703.59",-0.24
2018-03-05,27672.93628,34601.64935,"10,397.45","33,844.86",0.04
2018-03-06,27824.92533,34734.13391,"10,382.70","33,819.50",0.01
2018-03-07,27734.74518,34725.80363,"10,491.05","34,142.15",-0.14
2018-03-08,27560.00811,34382.20543,"10,582.60","34,445.75",-0.47
2018-03-09,27636.19941,34498.1635,"10,554.30","34,346.39",0.29
2018-03-10,27636.19941,34498.1635,"10,554.30","34,346.39",-0.32
2018-03-11,27636.19941,34498.1635,"10,554.30","34,346.39",-0.54
2018-03-12,27552.66895,34369.03822,"10,492.85","34,184.04",0.5
2018-03-13,27619.61326,34473.62048,"10,458.35","34,046.94",0.3
2018-03-14,27586.01901,34608.88109,"10,358.85","33,746.78",-0.4
2018-03-15,27488.89952,34435.38351,"10,249.25","33,317.20",-0.59
2018-03-16,27385.67357,34438.51401,"10,154.20","33,033.09",-0.35
2018-03-17,27385.67357,34438.51401,"10,154.20","33,033.09",-0.07
2018-03-18,27385.67357,34438.51401,"10,154.20","33,033.09",-0.75
2018-03-19,27453.92275,34066.37702,"10,242.65","33,351.57",-0.13
2018-03-20,27485.79371,34068.96627,"10,226.85","33,307.14",-0.2
2018-03-21,27712.34493,34070.23448,"10,421.40","33,917.94",-0.46
2018-03-22,27804.56848,34558.28698,"10,426.85","33,856.78",0.32
2018-03-23,28210.52123,34629.43085,"10,410.90","33,835.74",-0.49
2018-03-24,28210.52123,34629.43085,"10,410.90","33,835.74",-0.77
2018-03-25,28210.52123,34629.43085,"10,410.90","33,835.74",-0.93
2018-03-26,28253.93504,34701.11365,"10,360.15","33,685.54",0.15
2018-03-27,27955.08783,34676.85427,"10,195.15","33,176.00",-0.31
2018-03-28,27817.86883,34353.48655,"10,094.25","32,923.12",-0.79
2018-03-29,27729.8328,34100.66684,"10,124.35","32,996.76",-0.34
2018-03-30,27729.8328,34100.66684,"10,124.35","32,996.76",0.17
2018-03-31,27729.8328,34100.66684,"10,124.35","32,996.76",-0.4
2018-04-01,27729.8328,34100.66684,"10,124.35","32,996.76",0.07
2018-04-02,27729.8328,34100.66684,"10,124.35","32,996.76",-0.18
2018-04-03,27912.69962,34580.80901,"10,155.25","33,136.18",-0.24
2018-04-04,27943.84347,34394.35157,"10,114.75","33,006.27",-0.19
2018-04-05,27761.38806,34092.74929,"9,998.05","32,596.54",0.08
2018-04-06,27768.23281,33948.91745,"10,130.65","33,066.41",-0.11
2018-04-07,27768.23281,33948.91745,"10,130.65","33,066.41",0.0
2018-04-08,27768.23281,33948.91745,"10,130.65","33,066.41",-0.42
2018-04-09,27801.00717,34105.51876,"10,184.15","33,174.39",-0.07
2018-04-10,27958.95058,34433.18234,"10,113.70","32,968.68",-0.39
2018-04-11,28202.09226,34585.7974,"10,211.80","33,255.36",-0.09
2018-04-12,28140.59796,34941.04142,"10,245.00","33,370.63",-0.12
2018-04-13,28201.78132,34640.94669,"10,128.40","33,019.07",-0.14
2018-04-14,28201.78132,34640.94669,"10,128.40","33,019.07",-0.44
2018-04-15,28201.78132,34640.94669,"10,128.40","33,019.07",0.3
2018-04-16,28305.17918,34821.65298,"10,325.15","33,596.80",-0.41
2018-04-17,28245.86978,34989.0161,"10,331.60","33,626.97",0.0
2018-04-18,28533.89488,35776.89509,"10,379.35","33,788.54",0.12
2018-04-19,28491.0651,36326.84743,"10,402.25","33,880.25",-0.47
2018-04-20,28306.25618,36231.16089,"10,417.15","33,940.44",-0.11
2018-04-21,28306.25618,36231.16089,"10,417.15","33,940.44",0.06
2018-04-22,28306.25618,36231.16089,"10,417.15","33,940.44",-0.4
2018-04-23,28186.32056,36044.35088,"10,458.65","34,101.13",0.14
2018-04-24,28419.87764,35491.43014,"10,480.60","34,192.65",0.2
2018-04-25,28214.90085,35363.35888,"10,528.35","34,305.43",-0.13
2018-04-26,28411.09024,35656.38076,"10,548.70","34,395.06",-0.32
2018-04-27,28380.58515,35499.89199,"10,526.20","34,331.68",-0.6
2018-04-28,28380.58515,35499.89199,"10,526.20","34,331.68",-0.27
2018-04-29,28380.58515,35499.89199,"10,526.20","34,331.68",0.31
2018-04-30,28123.17092,35079.0085,"10,565.30","34,427.29",-0.03
2018-05-01,27925.21412,34716.90991,"10,564.05","34,415.58",-0.34
2018-05-02,27864.39035,34931.97226,"10,584.70","34,450.77",-0.53
2018-05-03,28242.91284,35361.35963,"10,614.35","34,616.64",-0.2
2018-05-04,28062.84138,35180.35293,"10,570.55","34,501.27",-0.11
2018-05-05,28062.84138,35180.35293,"10,570.55","34,501.27",-0.95
2018-05-06,28062.84138,35180.35293,"10,570.55","34,501.27",-0.38
2018-05-07,28062.84138,35180.35293,"10,570.55","34,501.27",-0.11
2018-05-08,28200.2709,35493.14672,"10,617.80","34,713.60",-0.1
2018-05-09,28369.33511,35498.10627,"10,692.30","34,969.70",-0.18
2018-05-10,28552.62315,35939.75919,"10,739.35","35,160.36",0.1
2018-05-11,28628.07416,36229.58605,"10,718.05","35,176.42",0.42
2018-05-12,28628.07416,36229.58605,"10,718.05","35,176.42",0.42
2018-05-13,28628.07416,36229.58605,"10,718.05","35,176.42",-0.81
2018-05-14,28579.60039,36042.53881,"10,679.65","35,103.14",-0.26
2018-05-15,28125.81745,35640.51462,"10,618.25","34,915.38",0.01
2018-05-16,28260.24681,35575.62919,"10,715.50","35,208.14",0.2
2018-05-17,28095.49839,35699.47585,"10,717.80","35,216.32",-0.35
2018-05-18,28065.213,35705.10294,"10,741.70","35,319.35",-0.08
2018-05-19,28065.213,35705.10294,"10,741.70","35,319.35",-0.08
2018-05-20,28065.213,35705.10294,"10,741.70","35,319.35",0.5
2018-05-21,28159.49994,35714.3811,"10,716.55","35,246.27",0.28
2018-05-22,28314.19358,36305.58211,"10,806.50","35,535.79",-0.29
2018-05-23,28186.13886,36145.60709,"10,806.60","35,556.71",-0.73
2018-05-24,28657.44976,36259.68468,"10,801.85","35,543.94",-0.09
2018-05-25,28606.84523,36584.28154,"10,741.10","35,387.88",-0.23
2018-05-26,28606.84523,36584.28154,"10,741.10","35,387.88",-0.57
2018-05-27,28606.84523,36584.28154,"10,741.10","35,387.88",-0.09
2018-05-28,28606.84523,36584.28154,"10,741.10","35,387.88",-0.26
2018-05-29,28068.99437,35695.61422,"10,682.70","35,149.12",-0.12
2018-05-30,28365.65941,35699.68821,"10,596.40","34,848.30",-0.3
2018-05-31,28299.11087,35879.28792,"10,516.70","34,616.13",-0.34
2018-06-01,28061.98077,35592.2852,"10,536.70","34,651.24",-0.01
2018-06-02,28061.98077,35592.2852,"10,536.70","34,651.24",1.0
2018-06-03,28061.98077,35592.2852,"10,536.70","34,651.24",0.03
2018-06-04,27900.26952,35407.03469,"10,430.35","34,344.91",-0.23
2018-06-05,27857.07862,35326.6695,"10,513.85","34,663.11",-0.31
2018-06-06,28044.30752,35689.02915,"10,605.15","34,924.87",-0.51
2018-06-07,27873.34658,35979.12418,"10,688.65","35,165.48",-0.23
2018-06-08,28136.84096,36237.08691,"10,633.30","34,949.24",-0.25
2018-06-09,28136.84096,36237.08691,"10,633.30","34,949.24",-1.0
2018-06-10,28136.84096,36237.08691,"10,633.30","34,949.24",-1.0
2018-06-11,28212.14391,36383.15881,"10,614.35","34,906.11",-0.4
2018-06-12,28167.51203,36558.22703,"10,736.15","35,322.38",-0.4
2018-06-13,28117.4559,36672.11295,"10,696.20","35,227.26",-0.4
2018-06-14,28329.73926,37240.20609,"10,628.50","35,011.89",-0.41
2018-06-15,27967.77677,37482.58742,"10,593.15","34,903.21",-0.6
2018-06-16,27967.77677,37482.58742,"10,593.15","34,903.21",-0.69
2018-06-17,27967.77677,37482.58742,"10,593.15","34,903.21",-0.01
2018-06-18,28039.71368,36330.96216,"10,684.65","35,178.88",-0.4
2018-06-19,27913.35674,35773.45527,"10,768.35","35,463.08",-0.27
2018-06-20,27981.31525,35761.71078,"10,767.65","35,443.67",-0.26
2018-06-21,27702.76889,35543.29903,"10,786.95","35,483.47",-0.15
2018-06-22,27721.48401,35876.40348,"10,842.85","35,692.52",0.07
2018-06-23,27721.48401,35876.40348,"10,842.85","35,692.52",-0.74
2018-06-24,27721.48401,35876.40348,"10,842.85","35,692.52",-0.57
2018-06-25,27680.04004,35726.38572,"10,856.70","35,739.16",0.15
2018-06-26,27597.05979,35528.23099,"10,808.05","35,599.82",0.15
2018-06-27,27574.0928,35626.97627,"10,817.70","35,622.14",-0.09
2018-06-28,27732.51434,35697.39971,"10,799.85","35,548.26",-0.03
2018-06-29,27671.83636,35473.59246,"10,710.45","35,286.74",-0.3
2018-06-30,27671.83636,35473.59246,"10,710.45","35,286.74",-1.0
2018-07-01,27671.83636,35473.59246,"10,710.45","35,286.74",0.26
2018-07-02,27460.74683,35167.71392,"10,772.05","35,547.33",-0.41
2018-07-03,27652.31313,35190.84067,"10,741.10","35,432.39",-0.23
2018-07-04,27669.83621,35357.18727,"10,821.85","35,689.60",-0.21
2018-07-05,27724.05203,35220.91835,"10,762.45","35,470.35",-0.08
2018-07-06,27797.42531,35417.9964,"10,769.15","35,490.04",-0.16
2018-07-07,27797.42531,35417.9964,"10,769.15","35,490.04",-0.27
2018-07-08,27797.42531,35417.9964,"10,769.15","35,490.04",-0.22
2018-07-09,27914.33868,35842.62575,"10,671.40","35,217.11",-0.34
2018-07-10,27681.77776,35165.12916,"10,589.10","35,037.64",-0.5
2018-07-11,27659.66803,35176.89122,"10,714.30","35,423.48",0.07
2018-07-12,27528.0871,34998.38668,"10,657.30","35,264.41",0.11
2018-07-13,27339.47742,34810.11017,"10,699.90","35,378.60",-0.12
2018-07-14,27339.47742,34810.11017,"10,699.90","35,378.60",-0.77
2018-07-15,27339.47742,34810.11017,"10,699.90","35,378.60",-0.77
2018-07-16,27330.25458,34815.19015,"10,769.90","35,645.40",-0.29
2018-07-17,27167.29923,34752.45854,"10,749.75","35,574.55",-0.16
2018-07-18,26910.77392,33932.4091,"10,772.65","35,657.86",-0.2
2018-07-19,26860.59158,33665.36303,"10,852.90","35,934.72",0.06
2018-07-20,27232.9482,34064.73358,"10,947.25","36,239.62",-0.27
2018-07-21,27232.9482,34064.73358,"10,947.25","36,239.62",-1.0
2018-07-22,27232.9482,34064.73358,"10,947.25","36,239.62",-1.0
2018-07-23,27069.13717,34218.9958,"10,948.30","36,265.93",-0.1
2018-07-24,27185.73589,34326.59776,"11,023.20","36,548.41",0.02
2018-07-25,27295.83888,34499.36924,"11,018.90","36,541.63",-0.4
2018-07-26,27138.11139,34324.49097,"10,936.85","36,323.77",0.17
2018-07-27,27015.55753,33892.22483,"11,008.05","36,519.96",-0.64
2018-07-28,27015.55753,33892.22483,"11,008.05","36,519.96",-0.33
2018-07-29,27015.55753,33892.22483,"11,008.05","36,519.96",-1.0
2018-07-30,26989.6215,34161.56537,"10,980.45","36,373.44",-0.61
2018-07-31,26927.75029,34030.48339,"10,957.10","36,351.23",-0.2
2018-08-01,26826.93571,34056.34374,"11,010.20","36,496.37",0.09
2018-08-02,26705.82434,33946.68526,"11,084.75","36,718.60",-0.31
2018-08-03,26833.01511,33885.97484,"11,134.30","36,825.10",-0.03
2018-08-04,26833.01511,33885.97484,"11,134.30","36,825.10",-0.5
2018-08-05,26833.01511,33885.97484,"11,134.30","36,825.10",-0.5
2018-08-06,26654.22463,33812.18344,"11,132.00","36,858.23",-0.27
2018-08-07,26820.83072,34213.23439,"11,167.30","36,984.64",-0.44
2018-08-08,26685.07549,33854.11793,"11,278.35","37,336.85",-0.18
2018-08-09,26803.66214,34168.13027,"11,319.55","37,494.40",0.88
2018-08-10,26843.80882,33985.80045,"11,356.50","37,606.58",0.25
2018-08-11,26843.80882,33985.80045,"11,356.50","37,606.58",-0.89
2018-08-12,26843.80882,33985.80045,"11,356.50","37,606.58",0.0
2018-08-13,26583.41108,33629.2829,"11,346.20","37,521.62",0.1
2018-08-14,26919.50073,33812.42218,"11,244.70","37,165.16",-0.1
2018-08-15,26582.62156,33340.72459,"11,244.70","37,165.16",-0.32
2018-08-16,26815.97528,33179.20358,"11,360.80","37,556.16",0.11
2018-08-17,26522.38123,32995.42675,"11,387.10","37,691.89",0.0
2018-08-18,26522.38123,32995.42675,"11,387.10","37,691.89",-0.48
2018-08-19,26522.38123,32995.42675,"11,387.10","37,691.89",1.0
2018-08-20,26689.80884,33250.99248,"11,389.45","37,665.80",-0.34
2018-08-21,26731.33156,33185.50209,"11,450.00","37,887.56",-0.62
2018-08-22,26856.19086,33237.80443,"11,470.70","38,024.37",-0.26
2018-08-23,26780.88521,32848.61377,"11,429.50","37,869.23",0.02
2018-08-24,27060.73911,33032.31242,"11,355.75","37,644.90",-0.45
2018-08-25,27060.73911,33032.31242,"11,355.75","37,644.90",-0.52
2018-08-26,27060.73911,33032.31242,"11,355.75","37,644.90",-0.99
2018-08-27,27060.73911,33032.31242,"11,355.75","37,644.90",-0.62
2018-08-28,27260.86333,33506.85614,"11,435.10","37,852.00",-0.64
2018-08-29,27137.13666,33104.51233,"11,385.05","37,663.56",-0.34
2018-08-30,27149.09075,33253.27118,"11,470.75","37,947.88",-0.21
2018-08-31,27345.89418,33328.12833,"11,551.75","38,278.75",0.12
2018-09-01,27345.89418,33328.12833,"11,551.75","38,278.75",0.5
2018-09-02,27345.89418,33328.12833,"11,551.75","38,278.75",0.0
2018-09-03,27392.78573,33155.30292,"11,570.90","38,285.75",0.01
2018-09-04,27263.18479,32623.78832,"11,582.75","38,336.76",-0.19
2018-09-05,27539.47182,32609.20162,"11,557.10","38,251.80",-0.18
2018-09-06,27799.79855,32905.78984,"11,691.95","38,694.11",-0.28
2018-09-07,27729.8256,32809.03963,"11,738.50","38,896.63",0.01
2018-09-08,27729.8256,32809.03963,"11,738.50","38,896.63",0.26
2018-09-09,27729.8256,32809.03963,"11,738.50","38,896.63",-0.66
2018-09-10,27616.03492,32806.4463,"11,691.90","38,722.93",-0.1
2018-09-11,27714.6464,32900.73374,"11,676.80","38,690.10",-0.08
2018-09-12,27919.69341,33054.80597,"11,680.50","38,645.07",-0.02
2018-09-13,27977.85265,32896.75599,"11,582.35","38,312.52",-0.04
2018-09-14,27834.95661,32919.33177,"11,520.30","38,157.92",-0.27
2018-09-15,27834.95661,32919.33177,"11,520.30","38,157.92",0.99
2018-09-16,27834.95661,32919.33177,"11,520.30","38,157.92",-0.01
2018-09-17,27773.13161,32743.59555,"11,476.95","38,018.31",-0.21
2018-09-18,27987.5604,33136.41338,"11,536.90","38,242.81",-0.55
2018-09-19,28126.58495,33156.78614,"11,589.10","38,389.82",-0.18
2018-09-20,28107.68212,33100.70068,"11,438.10","37,922.17",-0.7
2018-09-21,27751.21552,33175.51668,"11,287.50","37,413.13",-0.6
2018-09-22,27751.21552,33175.51668,"11,287.50","37,413.13",0.99
2018-09-23,27751.21552,33175.51668,"11,287.50","37,413.13",-0.87
2018-09-24,27931.98295,33244.34304,"11,369.90","37,717.96",0.32
2018-09-25,28078.40343,33383.841,"11,515.20","38,090.64",-0.4
2018-09-26,27905.44559,33823.01235,"11,377.75","37,585.51",-0.5
2018-09-27,27666.25768,33655.0899,"11,278.90","37,290.67",0.22
2018-09-28,27697.98463,33372.89283,"11,234.35","37,121.22",-0.49
2018-09-29,27697.98463,33372.89283,"11,234.35","37,121.22",0.22
2018-09-30,27697.98463,33372.89283,"11,234.35","37,121.22",-0.09
2018-10-01,27723.07761,33915.22926,"11,143.10","36,841.60",-0.01
2018-10-02,28241.42032,34003.63591,"11,143.10","36,841.60",-0.1
2018-10-03,28160.52869,34544.23828,"10,967.40","36,305.02",-0.0
2018-10-04,28375.78166,34495.6322,"11,067.45","36,652.06",0.29
2018-10-05,28494.33942,34641.52329,"11,053.80","36,542.27",-0.28
2018-10-06,28494.33942,34641.52329,"11,053.80","36,542.27",0.36
2018-10-07,28494.33942,34641.52329,"11,053.80","36,542.27",-1.0
2018-10-08,28148.91985,34304.2357,"10,977.55","36,324.17",0.09
2018-10-09,28228.16105,34108.08545,"10,930.45","36,227.14",0.17
2018-10-10,28404.91582,34353.0763,"11,008.30","36,526.14",-0.01
2018-10-11,28953.19864,34583.88788,"10,858.25","35,975.63",0.43
2018-10-12,29036.58689,34755.82444,"10,599.25","35,169.16",0.3
2018-10-13,29036.58689,34755.82444,"10,599.25","35,169.16",-0.98
2018-10-14,29036.58689,34755.82444,"10,599.25","35,169.16",-0.01
2018-10-15,29105.40812,34880.58179,"10,316.45","34,376.99",-0.1
2018-10-16,29185.47588,34990.79358,"10,348.05","34,474.38",-0.24
2018-10-17,29026.81528,34599.31197,"10,301.05","34,299.47",-0.78
2018-10-18,28937.01398,34343.4798,"10,460.10","34,760.89",0.73
2018-10-19,29024.1353,34535.37621,"10,234.65","34,001.15",0.48
2018-10-20,29024.1353,34535.37621,"10,234.65","34,001.15",0.28
2018-10-21,29024.1353,34535.37621,"10,234.65","34,001.15",-0.82
2018-10-22,28832.02904,34509.74268,"10,472.50","34,733.58",-0.38
2018-10-23,29226.53053,34796.58536,"10,512.50","34,865.10",0.02
2018-10-24,28968.08148,34710.84974,"10,584.75","35,162.48",-0.58
2018-10-25,28974.16294,34699.31441,"10,453.05","34,779.58",-0.33
2018-10-26,29045.96274,34581.60982,"10,303.55","34,315.63",-0.98
2018-10-27,29045.96274,34581.60982,"10,303.55","34,315.63",0.01
2018-10-28,29045.96274,34581.60982,"10,303.55","34,315.63",0.63
2018-10-29,28936.37372,34442.46628,"10,245.25","34,134.38",0.08
2018-10-30,28992.8529,34129.41922,"10,146.80","33,847.23",-0.25
2018-10-31,28768.81056,33955.69723,"10,224.75","34,033.96",-0.04
2018-11-01,29318.65562,34411.28812,"10,124.90","33,690.09",-0.41
2018-11-02,28948.91234,34820.45945,"10,030.00","33,349.31",-0.12
2018-11-03,28948.91234,34820.45945,"10,030.00","33,349.31",0.64
2018-11-04,28948.91234,34820.45945,"10,030.00","33,349.31",-0.54
2018-11-05,28883.30414,34538.07965,"10,250.85","34,067.40",0.23
2018-11-06,28850.25069,34434.77469,"10,198.40","33,891.13",0.08
2018-11-07,28957.91219,34539.01149,"10,386.60","34,442.05",-0.25
2018-11-08,28486.81767,33719.23277,"10,380.45","34,431.97",0.17
2018-11-09,28186.22394,33365.56474,"10,553.00","35,011.65",-0.43
2018-11-10,28186.22394,33365.56474,"10,553.00","35,011.65",-0.03
2018-11-11,28186.22394,33365.56474,"10,553.00","35,011.65",-1.0
2018-11-12,28088.86772,32992.27464,"10,524.00","34,950.92",0.04
2018-11-13,28155.3467,32837.36467,"10,530.00","34,991.91",-0.29
2018-11-14,28087.50458,32610.21724,"10,598.85","35,237.68",0.69
2018-11-15,28169.61426,32845.37274,"10,585.20","35,158.55",-0.3
2018-11-16,28254.38347,33018.15018,"10,482.20","34,812.99",-0.81
2018-11-17,28254.38347,33018.15018,"10,482.20","34,812.99",-0.9
2018-11-18,28254.38347,33018.15018,"10,482.20","34,812.99",-0.36
2018-11-19,28189.86366,33137.39704,"10,582.50","35,144.49",-0.21
2018-11-20,28151.43225,33238.48583,"10,576.30","35,141.99",-0.07
2018-11-21,28151.79408,33108.95283,"10,616.70","35,260.54",-0.09
2018-11-22,28126.26466,33282.5364,"10,682.20","35,457.16",0.24
2018-11-23,27867.36108,32464.28572,"10,763.40","35,774.88",0.16
2018-11-24,27867.36108,32464.28572,"10,763.40","35,774.88",-1.0
2018-11-25,27867.36108,32464.28572,"10,763.40","35,774.88",-1.0
2018-11-26,27796.76742,32672.67578,"10,656.20","35,474.51",0.01
2018-11-27,27801.67072,32498.26806,"10,600.05","35,199.80",-0.47
2018-11-28,27648.06416,32245.63016,"10,526.75","34,981.02",-0.15
2018-11-29,27845.95041,32393.27075,"10,628.60","35,354.08",-0.3
2018-11-30,27311.74057,31931.55328,"10,685.60","35,513.14",-0.66
2018-12-01,27311.74057,31931.55328,"10,685.60","35,513.14",-0.52
2018-12-02,27311.74057,31931.55328,"10,685.60","35,513.14",-0.48
2018-12-03,27593.59251,32263.17388,"10,728.85","35,716.95",-0.29
2018-12-04,28106.98048,32961.06032,"10,858.70","36,170.41",0.22
2018-12-05,28064.88443,32881.26277,"10,876.75","36,194.30",0.14
2018-12-06,28311.7727,32765.14357,"10,883.75","36,241.00",-0.01
2018-12-07,28286.88837,32955.48766,"10,869.50","36,134.31",-0.43
2018-12-08,28286.88837,32955.48766,"10,869.50","36,134.31",0.33
2018-12-09,28286.88837,32955.48766,"10,869.50","36,134.31",-1.0
2018-12-10,28573.76188,33338.15876,"10,782.90","35,884.41",0.12
2018-12-11,29023.03423,34120.06915,"10,601.15","35,312.13",0.15
2018-12-12,28953.61829,34061.02958,"10,693.70","35,673.25",-0.32
2018-12-13,28699.90033,33901.79335,"10,488.45","34,959.72",-0.04
2018-12-14,28405.87982,33525.53752,"10,549.15","35,150.01",-0.61
2018-12-15,28405.87982,33525.53752,"10,549.15","35,150.01",-0.17
2018-12-16,28405.87982,33525.53752,"10,549.15","35,150.01",-0.33
2018-12-17,28706.43383,33754.59541,"10,737.60","35,779.07",-0.02
2018-12-18,28685.71447,33730.97534,"10,791.55","35,929.64",0.15
2018-12-19,28474.39999,33227.69624,"10,805.45","35,962.93",-0.35
2018-12-20,28628.91159,33566.10631,"10,888.35","36,270.07",-0.5
2018-12-21,28436.65464,33202.27769,"10,908.70","36,347.08",0.12
2018-12-22,28436.65464,33202.27769,"10,908.70","36,347.08",0.22
2018-12-23,28436.65464,33202.27769,"10,908.70","36,347.08",0.56
2018-12-24,28436.65464,33202.27769,"10,967.30","36,484.33",0.01
2018-12-25,28436.65464,33202.27769,"10,967.30","36,484.33",-0.57
2018-12-26,28436.65464,33202.27769,"10,967.30","36,484.33",0.21
2018-12-27,28598.13286,33954.64434,"10,951.70","36,431.67",0.1
2018-12-28,28780.42903,34417.2527,"10,754.00","35,742.07",0.1
2018-12-29,28780.42903,34417.2527,"10,754.00","35,742.07",0.1
2018-12-30,28780.42903,34417.2527,"10,754.00","35,742.07",0.1
2018-12-31,28780.42903,34417.2527,"10,663.50","35,470.15",0.1
2019-01-01,28780.42903,34417.2527,"10,663.50","35,470.15",0.58
2019-01-02,28642.5727,34472.00268,"10,729.85","35,649.94",-0.2
2019-01-03,29025.634,34942.32432,"10,779.80","35,807.28",-0.2
2019-01-04,28846.15317,35395.64306,"10,859.90","36,076.72",-0.2
2019-01-05,28846.15317,35395.64306,"10,859.90","36,076.72",-0.2
2019-01-06,28846.15317,35395.64306,"10,859.90","36,076.72",-0.5
2019-01-07,28884.27591,35205.64507,"10,862.55","36,068.33",0.0
2019-01-08,28873.62256,35103.071,"10,910.10","36,254.57",-0.25
2019-01-09,29052.38156,35216.37436,"10,792.50","35,891.52",-0.01
2019-01-10,29303.51557,35622.85874,"10,672.25","35,513.71",0.0
2019-01-11,29178.38014,35495.32569,"10,727.35","35,695.10",0.5
2019-01-12,29178.38014,35495.32569,"10,727.35","35,695.10",0.5
2019-01-13,29178.38014,35495.32569,"10,727.35","35,695.10",0.0
2019-01-14,29247.77642,35328.10124,"10,771.80","35,850.16",-0.04
2019-01-15,29582.65877,35652.77169,"10,802.15","35,980.93",-0.07
2019-01-16,29537.78078,35519.39282,"10,855.15","36,212.91",1.0
2019-01-17,29614.28872,35735.84464,"10,821.60","36,106.50",-1.0
2019-01-18,29326.83612,35328.30982,"10,794.95","36,009.84",-0.26
2019-01-19,29326.83612,35328.30982,"10,794.95","36,009.84",0.0
2019-01-20,29326.83612,35328.30982,"10,794.95","36,009.84",-0.97
2019-01-21,29302.92422,34946.86597,"10,737.60","35,853.56",-0.15
2019-01-22,29342.77041,34924.78562,"10,886.80","36,318.33",0.67
2019-01-23,29308.73134,35233.22641,"10,890.30","36,321.29",0.0
2019-01-24,29367.95855,35002.70825,"10,905.20","36,374.08",-0.17
2019-01-25,29531.71135,35091.58838,"10,906.95","36,386.61",0.66
2019-01-26,29531.71135,35091.58838,"10,906.95","36,386.61",0.66
2019-01-27,29531.71135,35091.58838,"10,906.95","36,386.61",0.66
2019-01-28,29713.72792,35791.56184,"10,961.85","36,578.96",-0.33
2019-01-29,29885.33901,36238.15915,"10,922.75","36,444.64",-0.33
2019-01-30,30097.40771,36545.37603,"10,831.50","36,108.47",0.0
2019-01-31,30256.89841,36756.44375,"10,849.80","36,195.10",-0.98
2019-02-01,30080.78224,36520.30967,"10,780.55","36,025.54",0.13
2019-02-02,30080.78224,36520.30967,"10,780.55","36,025.54",-0.03
2019-02-03,30080.78224,36520.30967,"10,780.55","36,025.54",-0.03
2019-02-04,30143.02105,36169.78748,"10,661.55","35,656.70",-0.33
2019-02-05,30288.68917,36564.45394,"10,652.20","35,592.50",-0.17
2019-02-06,30283.06913,36296.30276,"10,651.80","35,591.25",-1.0
2019-02-07,30131.03061,36134.23595,"10,830.95","36,256.69",-0.14
2019-02-08,30259.28453,36315.28386,"10,893.65","36,469.43",-0.4
2019-02-09,30259.28453,36315.28386,"10,893.65","36,469.43",-0.4
2019-02-10,30259.28453,36315.28386,"10,893.65","36,469.43",-0.4
2019-02-11,29884.21323,35925.56405,"10,912.25","36,582.74",0.0
2019-02-12,30000.25847,36206.41881,"10,934.35","36,616.81",0.0
2019-02-13,29829.95919,35662.7978,"11,062.45","36,975.23",1.0
2019-02-14,29879.60566,35496.91229,"11,069.40","36,971.09",1.0
2019-02-15,30057.13766,35786.38357,"10,943.60","36,546.48",0.0
2019-02-16,30057.13766,35786.38357,"10,943.60","36,546.48",-0.45
2019-02-17,30057.13766,35786.38357,"10,943.60","36,546.48",-1.0
2019-02-18,30393.57629,36148.98002,"10,888.80","36,395.03",-0.23
2019-02-19,30616.15621,36212.041,"10,831.40","36,153.62",0.0
2019-02-20,30805.5665,36760.35414,"10,793.65","36,034.11",-0.5
2019-02-21,30409.43514,36342.84417,"10,746.05","35,876.22",0.0
2019-02-22,30417.29117,36320.86158,"10,724.40","35,808.95",0.0
2019-02-23,30417.29117,36320.86158,"10,724.40","35,808.95",-1.0
2019-02-24,30417.29117,36320.86158,"10,724.40","35,808.95",-1.0
2019-02-25,30395.6624,36434.60378,"10,640.95","35,498.44",-1.0
2019-02-26,30172.16874,36045.84213,"10,604.35","35,352.61",-1.0
2019-02-27,30171.1967,36173.04907,"10,735.45","35,756.26",-1.0
2019-02-28,30203.56733,36210.39436,"10,789.85","35,898.35",-0.37
2019-03-01,29870.28914,35426.78448,"10,791.65","35,871.48",0.0
2019-03-02,29870.28914,35426.78448,"10,791.65","35,871.48",-1.0
2019-03-03,29870.28914,35426.78448,"10,791.65","35,871.48",-1.0
2019-03-04,29337.70908,34600.87674,"10,880.10","36,213.38",-1.0
2019-03-05,29264.04506,34443.03793,"10,835.30","35,973.71",-0.75
2019-03-06,29137.14272,34205.01375,"10,806.65","35,905.43",0.21
2019-03-07,28955.4608,33961.22085,"10,792.50","35,867.44",0.01
2019-03-08,29387.26173,34253.9781,"10,863.50","36,063.81",0.01
2019-03-09,29387.26173,34253.9781,"10,863.50","36,063.81",-0.3
2019-03-10,29387.26173,34253.9781,"10,863.50","36,063.81",-0.3
2019-03-11,29088.5479,34415.72927,"10,987.45","36,442.54",-0.0
2019-03-12,29103.23571,34655.52412,"11,053.00","36,636.10",0.5
2019-03-13,29252.0067,34736.68801,"11,058.20","36,725.42",-1.0
2019-03-14,29043.0054,34153.07686,"11,035.40","36,671.43",-0.51
2019-03-15,29058.20067,34230.04767,"11,168.05","37,054.10",-0.5
2019-03-16,29058.20067,34230.04767,"11,168.05","37,054.10",-0.5
2019-03-17,29058.20067,34230.04767,"11,168.05","37,054.10",-0.97
2019-03-18,28943.7011,34095.75084,"11,301.20","37,535.66",0.5
2019-03-19,28848.14663,33994.79541,"11,341.70","37,752.17",-0.01
2019-03-20,28924.46407,33989.62871,"11,343.25","37,754.89",1.0
2019-03-21,28959.74582,34364.26772,"11,426.85","38,024.32",-1.0
2019-03-22,29005.76923,34197.29981,"11,462.20","38,095.07",-0.5
2019-03-23,29005.76923,34197.29981,"11,462.20","38,095.07",-1.0
2019-03-24,29005.76923,34197.29981,"11,462.20","38,095.07",0.0
2019-03-25,29341.02863,34520.81918,"11,532.40","38,363.47",0.0
2019-03-26,29168.38064,34214.06952,"11,521.05","38,386.75",0.0
2019-03-27,29048.48786,34156.42613,"11,456.90","38,164.61",0.0
2019-03-28,28769.08011,33752.55162,"11,354.25","37,808.91",-0.5
2019-03-29,28812.74422,33585.9532,"11,483.25","38,233.41",-0.5
2019-03-30,28812.74422,33585.9532,"11,483.25","38,233.41",-0.9
2019-03-31,28812.74422,33585.9532,"11,483.25","38,233.41",-1.0
2019-04-01,28873.8261,33639.62577,"11,445.05","38,132.88",0.32
2019-04-02,28705.11599,33425.89845,"11,570.00","38,545.72",-0.33
2019-04-03,28590.20841,33598.39672,"11,623.90","38,672.91",-0.33
2019-04-04,28235.61231,33194.42089,"11,669.15","38,871.87",-0.21
2019-04-05,28570.75148,33694.17274,"11,713.20","39,056.65",0.4
2019-04-06,28570.75148,33694.17274,"11,713.20","39,056.65",0.4
2019-04-07,28570.75148,33694.17274,"11,713.20","39,056.65",0.4
2019-04-08,28906.28064,33664.69915,"11,643.95","38,877.12",0.28
2019-04-09,29135.31921,34110.46005,"11,598.00","38,684.72",0.0
2019-04-10,29069.85428,33947.6754,"11,665.95","38,862.23",-0.13
2019-04-11,28871.2477,33699.42371,"11,604.50","38,700.53",1.0
2019-04-12,28718.15902,33426.49043,"11,671.95","38,939.22",0.0
2019-04-13,28718.15902,33426.49043,"11,671.95","38,939.22",0.65
2019-04-14,28718.15902,33426.49043,"11,671.95","38,939.22",1.0
2019-04-15,28596.49964,33219.67271,"11,584.30","38,585.35",0.5
2019-04-16,28473.76462,33340.41699,"11,596.70","38,607.01",-0.46
2019-04-17,28517.98781,33528.22174,"11,643.45","38,767.11",0.25
2019-04-18,28464.59626,33368.9768,"11,690.35","38,905.84",0.0
2019-04-19,28464.59626,33368.9768,"11,690.35","38,905.84",0.0
2019-04-20,28464.59626,33368.9768,"11,690.35","38,905.84",0.0
2019-04-21,28464.59626,33368.9768,"11,690.35","38,905.84",-0.98
2019-04-22,28464.59626,33368.9768,"11,690.35","38,905.84",-0.5
2019-04-23,28444.21288,33552.74422,"11,787.15","39,275.64",-0.5
2019-04-24,28521.20735,33205.40045,"11,752.80","39,140.28",0.13
2019-04-25,28805.69912,33431.97356,"11,594.45","38,645.18",0.13
2019-04-26,28967.83774,33835.66158,"11,575.95","38,564.88",1.0
2019-04-27,28967.83774,33835.66158,"11,575.95","38,564.88",-0.25
2019-04-28,28967.83774,33835.66158,"11,575.95","38,564.88",-1.0
2019-04-29,28731.21065,33615.17964,"11,575.95","38,564.88",0.0
2019-04-30,28799.03237,33654.64401,"11,726.15","39,054.68",0.0
2019-05-01,28742.94489,33314.77021,"11,641.80","38,730.86",-0.98
2019-05-02,28455.24678,32855.79657,"11,754.65","39,067.33",1.0
2019-05-03,28537.76586,32710.56734,"11,748.15","39,031.55",0.0
2019-05-04,28537.76586,32710.56734,"11,748.15","39,031.55",-0.09
2019-05-05,28537.76586,32710.56734,"11,748.15","39,031.55",-1.0
2019-05-06,28537.76586,32710.56734,"11,748.15","39,031.55",-0.35
2019-05-07,28588.14076,33091.01837,"11,724.75","38,981.43",-0.2
2019-05-08,28760.034,33410.15465,"11,712.25","38,963.26",0.5
2019-05-09,28831.44689,33223.08086,"11,598.25","38,600.34",1.0
2019-05-10,29046.70265,33388.70062,"11,497.90","38,276.63",1.0
2019-05-11,29046.70265,33388.70062,"11,497.90","38,276.63",1.0
2019-05-12,29046.70265,33388.70062,"11,497.90","38,276.63",1.0
2019-05-13,29161.46694,32996.84357,"11,359.45","37,789.13",1.0
2019-05-14,29478.71105,33499.56727,"11,301.80","37,558.91",-0.5
2019-05-15,29365.12688,33488.13446,"11,278.90","37,462.99",0.33
2019-05-16,29159.06799,33398.49895,"11,148.20","37,090.82",0.33
2019-05-17,28918.56731,32693.69571,"11,222.05","37,318.53",0.33
2019-05-18,28918.56731,32693.69571,"11,222.05","37,318.53",0.5
2019-05-19,28918.56731,32693.69571,"11,222.05","37,318.53",-0.06
2019-05-20,28848.22733,32568.2106,"11,157.00","37,114.88",-0.13
2019-05-21,28445.21629,32290.79739,"11,257.10","37,393.48",-0.49
2019-05-22,28445.21629,32290.79739,"11,407.15","37,930.77",0.04
2019-05-23,28741.85683,32421.77282,"11,828.25","39,352.67",-0.12
2019-05-24,28722.29207,32585.52434,"11,709.10","38,969.80",0.0
2019-05-25,28722.29207,32585.52434,"11,709.10","38,969.80",-0.14
2019-05-26,28722.29207,32585.52434,"11,709.10","38,969.80",-0.14
2019-05-27,28722.29207,32585.52434,"11,709.10","38,969.80",-0.14
2019-05-28,28560.41821,32351.94052,"11,737.90","39,110.21",0.0
2019-05-29,28792.67406,32293.89377,"11,657.05","38,811.39",-0.36
2019-05-30,28752.32103,32322.3719,"11,844.10","39,434.72",0.0
2019-05-31,29075.36885,32496.72656,"11,924.75","39,683.29",-0.54
2019-06-01,29075.36885,32496.72656,"11,924.75","39,683.29",0.0
2019-06-02,29075.36885,32496.72656,"11,924.75","39,683.29",0.5
2019-06-03,29460.12812,32891.29026,"11,928.75","39,749.73",-0.01
2019-06-04,29445.96144,32731.32357,"11,861.10","39,502.05",-1.0
2019-06-05,29738.64684,33056.55362,"11,945.90","39,831.97",-0.02
2019-06-06,29794.27056,33363.78257,"11,922.80","39,714.20",0.92
2019-06-07,29896.14845,33248.91459,"12,088.55","40,267.62",-0.26
2019-06-08,29896.14845,33248.91459,"12,088.55","40,267.62",0.02
2019-06-09,29896.14845,33248.91459,"12,088.55","40,267.62",0.02
2019-06-10,29622.31029,32875.27963,"12,021.65","40,083.54",0.03
2019-06-11,29594.98856,32839.86687,"11,843.75","39,529.72",0.0
2019-06-12,29723.48261,32995.10698,"11,870.65","39,615.90",-0.34
2019-06-13,29936.25347,33154.19344,"11,922.70","39,784.52",0.0
2019-06-14,30218.5433,33601.00744,"11,965.60","39,950.46",-0.66
2019-06-15,30218.5433,33601.00744,"11,965.60","39,950.46",-0.12
2019-06-16,30218.5433,33601.00744,"11,965.60","39,950.46",0.0
2019-06-17,30111.59787,33180.45303,"11,906.20","39,756.81",1.0
2019-06-18,30108.84122,33434.31543,"11,914.05","39,741.36",-0.42
2019-06-19,30075.8933,33442.52262,"11,823.30","39,452.07",-0.78
2019-06-20,30886.90144,34323.75491,"11,672.15","38,960.79",-0.5
2019-06-21,31223.46337,34170.04294,"11,691.50","39,046.34",0.23
2019-06-22,31223.46337,34170.04294,"11,691.50","39,046.34",0.0
2019-06-23,31223.46337,34170.04294,"11,691.50","39,046.34",0.0
2019-06-24,31458.82888,34397.25403,"11,691.45","39,112.74",-0.7
2019-06-25,31873.37017,34291.59568,"11,831.75","39,601.63",-0.7
2019-06-26,31432.97825,34154.35616,"11,724.10","39,194.49",-0.72
2019-06-27,31384.73408,34126.00319,"11,699.65","39,122.96",-0.78
2019-06-28,31404.47884,33923.07793,"11,796.45","39,434.94",-0.01
2019-06-29,31404.47884,33923.07793,"11,796.45","39,434.94",-0.44
2019-06-30,31404.47884,33923.07793,"11,796.45","39,434.94",-1.0
2019-07-01,30811.38337,33823.58897,"11,847.55","39,592.08",0.25
2019-07-02,30804.48796,33593.62225,"11,841.55","39,586.41",0.25
2019-07-03,31303.91266,33906.11269,"11,788.85","39,394.64",0.25
2019-07-04,31290.79224,33792.02102,"11,865.60","39,686.50",-0.26
2019-07-05,30689.72888,33614.71762,"11,910.30","39,816.48",-0.24
2019-07-06,30689.72888,33614.71762,"11,910.30","39,816.48",-0.04
2019-07-07,30689.72888,33614.71762,"11,910.30","39,816.48",1.0
2019-07-08,30809.08763,33161.41351,"11,916.75","39,839.25",0.42
2019-07-09,30672.84186,33118.42542,"11,946.75","39,908.06",0.01
2019-07-10,31040.4633,33271.02134,"11,811.15","39,513.39",-0.99
2019-07-11,31139.04519,33622.45976,"11,558.60","38,720.57",-0.78
2019-07-12,30974.12452,33315.44794,"11,555.90","38,730.82",-0.29
2019-07-13,30974.12452,33315.44794,"11,555.90","38,730.82",-0.29
2019-07-14,30974.12452,33315.44794,"11,555.90","38,730.82",-0.29
2019-07-15,31128.56263,33764.48453,"11,498.90","38,557.04",-0.29
2019-07-16,31064.4287,33921.11784,"11,582.90","38,823.11",-0.67
2019-07-17,31142.69044,34469.27343,"11,552.50","38,736.23",-0.55
2019-07-18,31347.13723,35450.60565,"11,588.35","38,896.71",-0.33
2019-07-19,31838.92419,36080.57568,"11,662.60","39,131.04",-0.5
2019-07-20,31838.92419,36080.57568,"11,662.60","39,131.04",0.39
2019-07-21,31838.92419,36080.57568,"11,662.60","39,131.04",-0.76
2019-07-22,31605.72491,36271.04203,"11,687.50","39,215.64",-0.77
2019-07-23,31697.73296,36532.82961,"11,596.90","38,897.46",-0.5
2019-07-24,31664.6309,36691.87231,"11,419.25","38,337.01",0.19
2019-07-25,31406.15639,36671.19525,"11,346.20","38,031.13",0.19
2019-07-26,31580.02193,36551.36303,"11,331.05","37,982.74",-0.09
2019-07-27,31580.02193,36551.36303,"11,331.05","37,982.74",-0.09
2019-07-28,31580.02193,36551.36303,"11,331.05","37,982.74",-0.07
2019-07-29,31421.12033,36291.33309,"11,271.30","37,847.65",-0.07
2019-07-30,31516.63788,36370.45209,"11,252.15","37,830.98",0.48
2019-07-31,31704.33671,36589.18758,"11,284.30","37,882.79",-0.82
2019-08-01,31208.40443,35505.43879,"11,189.20","37,686.37",0.56
2019-08-02,32121.44788,36081.62639,"11,085.40","37,397.24",-0.47
2019-08-03,32121.44788,36081.62639,"11,085.40","37,397.24",0.0
2019-08-04,32121.44788,36081.62639,"11,085.40","37,397.24",0.0
2019-08-05,32831.5687,36937.61543,"11,118.00","37,481.12",1.0
2019-08-06,33692.24544,37675.98987,"10,980.00","37,018.32",-0.33
2019-08-07,34394.60033,38412.87989,"10,997.35","37,118.22",-0.33
2019-08-08,34222.94803,38941.97396,"10,862.60","36,699.84",0.21
2019-08-09,33940.99696,38525.53571,"10,948.25","36,976.85",-0.2
2019-08-10,33940.99696,38525.53571,"10,948.25","36,976.85",-0.34
2019-08-11,33940.99696,38525.53571,"10,948.25","36,976.85",-0.34
2019-08-12,34307.65345,38657.95602,"10,855.50","36,690.50",0.03
2019-08-13,34336.95883,39976.52475,"11,032.45","37,327.36",0.5
2019-08-14,34596.63975,39129.12535,"11,109.65","37,581.91",-1.0
2019-08-15,34728.35571,39616.88188,"11,109.65","37,581.91",0.03
2019-08-16,34979.82454,39614.17516,"10,925.85","36,958.16",0.02
2019-08-17,34979.82454,39614.17516,"10,925.85","36,958.16",0.02
2019-08-18,34979.82454,39614.17516,"10,925.85","36,958.16",1.0
2019-08-19,34234.12198,38715.25554,"11,029.40","37,311.53",0.0
2019-08-20,34559.15579,39094.53534,"11,047.80","37,350.33",0.0
2019-08-21,34576.65906,39355.17289,"11,053.90","37,402.49",0.5
2019-08-22,34494.72759,38948.80863,"11,017.00","37,328.01",-0.98
2019-08-23,34938.86717,39613.4915,"10,918.70","37,060.37",-0.19
2019-08-24,34938.86717,39613.4915,"10,918.70","37,060.37",-0.19
2019-08-25,34938.86717,39613.4915,"10,918.70","37,060.37",-0.19
2019-08-26,34938.86717,39613.4915,"10,918.70","37,060.37",0.24
2019-08-27,35490.60054,41036.62184,"10,741.35","36,472.93",-0.99
2019-08-28,35353.09143,42237.87686,"10,829.35","36,701.16",-0.99
2019-08-29,35563.86991,42671.10219,"11,057.85","37,494.12",0.05
2019-08-30,35223.09948,42369.58152,"11,105.35","37,641.27",0.25
2019-08-31,35223.09948,42369.58152,"11,105.35","37,641.27",-0.42
2019-09-01,35223.09948,42369.58152,"11,105.35","37,641.27",-0.42
2019-09-02,35051.68942,42150.69306,"11,046.10","37,451.84",-0.26
2019-09-03,35578.92896,42742.83659,"10,948.30","37,068.93",-1.0
2019-09-04,35869.70889,44787.83585,"11,023.25","37,332.79",-0.79
2019-09-05,35375.75443,44465.5026,"10,797.90","36,562.91",-0.14
2019-09-06,35233.82747,41958.24633,"10,844.65","36,724.74",-0.09
2019-09-07,35233.82747,41958.24633,"10,844.65","36,724.74",0.76
2019-09-08,35233.82747,41958.24633,"10,844.65","36,724.74",0.76
2019-09-09,34760.09761,41849.38865,"10,847.90","36,644.42",-0.87
2019-09-10,34726.82709,41697.68859,"10,946.20","36,981.77",-0.25
2019-09-11,34441.88245,41970.73724,"11,003.05","37,145.45",-0.5
2019-09-12,34860.4405,41850.01404,"11,035.70","37,270.82",0.0
2019-09-13,34293.88458,41398.61191,"10,982.80","37,104.28",0.0
2019-09-14,34293.88458,41398.61191,"10,982.80","37,104.28",-0.02
2019-09-15,34293.88458,41398.61191,"10,982.80","37,104.28",-0.02
2019-09-16,34166.01254,40699.36105,"11,075.90","37,384.99",0.35
2019-09-17,34565.17765,41052.04509,"11,003.50","37,123.31",0.31
2019-09-18,34553.89056,41023.40848,"10,817.60","36,481.09",-1.0
2019-09-19,34323.08152,40608.13703,"10,840.65","36,563.88",0.99
2019-09-20,34468.78052,41034.80896,"10,704.80","36,093.47",-0.23
2019-09-21,34468.78052,41034.80896,"10,704.80","36,093.47",-0.94
2019-09-22,34468.78052,41034.80896,"10,704.80","36,093.47",-0.31
2019-09-23,34778.27393,41996.23381,"11,274.20","38,014.62",-0.31
2019-09-24,34721.67391,42378.86875,"11,600.20","39,090.03",-0.17
2019-09-25,34876.29947,42364.86549,"11,588.20","39,097.14",-0.58
2019-09-26,34377.41184,41009.16694,"11,440.20","38,593.52",-0.33
2019-09-27,33987.45452,39966.45434,"11,571.20","38,989.74",0.09
2019-09-28,33987.45452,39966.45434,"11,571.20","38,989.74",0.0
2019-09-29,33987.45452,39966.45434,"11,571.20","38,989.74",-0.99
2019-09-30,33666.67218,39111.18484,"11,512.40","38,822.57",-0.67
2019-10-01,33462.97397,38857.88352,"11,474.45","38,667.33",0.09
2019-10-02,34119.58687,39454.91554,"11,474.45","38,667.33",-1.0
2019-10-03,34699.39303,40255.04695,"11,359.90","38,305.41",-0.49
2019-10-04,34232.20375,40199.97646,"11,314.00","38,106.87",0.98
2019-10-05,34232.20375,40199.97646,"11,314.00","38,106.87",0.0
2019-10-06,34232.20375,40199.97646,"11,314.00","38,106.87",0.0
2019-10-07,34181.20919,39674.10958,"11,174.75","37,673.31",0.66
2019-10-08,34358.56602,40054.76153,"11,126.40","37,531.98",-0.82
2019-10-09,34509.23199,40708.18675,"11,313.30","38,177.95",0.39
2019-10-10,34176.12516,40582.43388,"11,234.55","37,880.40",-0.43
2019-10-11,33859.68639,40288.71179,"11,305.05","38,127.08",0.96
2019-10-12,33859.68639,40288.71179,"11,305.05","38,127.08",0.06
2019-10-13,33859.68639,40288.71179,"11,305.05","38,127.08",0.06
2019-10-14,33986.16882,40139.97733,"11,341.15","38,214.47",1.0
2019-10-15,34071.56759,40465.42541,"11,428.30","38,506.09",-0.1
2019-10-16,34263.27551,39809.63025,"11,464.00","38,598.99",0.06
2019-10-17,34242.81726,40031.96738,"11,586.35","39,052.06",-0.5
2019-10-18,34071.17253,39867.84518,"11,661.85","39,298.38",0.74
2019-10-19,34071.17253,39867.84518,"11,661.85","39,298.38",0.74
2019-10-20,34071.17253,39867.84518,"11,661.85","39,298.38",0.74
2019-10-21,34089.71883,40508.17995,"11,588.35","38,963.84",-0.33
2019-10-22,33956.24808,40292.11111,"11,604.10","39,058.83",0.0
2019-10-23,34149.86393,40069.44789,"11,582.60","39,020.39",1.0
2019-10-24,34129.29007,39977.7124,"11,583.90","39,058.06",-0.26
2019-10-25,34527.10631,41349.48639,"11,786.85","39,831.84",-0.21
2019-10-26,34527.10631,41349.48639,"11,786.85","39,831.84",-0.21
2019-10-27,34527.10631,41349.48639,"11,786.85","39,831.84",-0.02
2019-10-28,33985.46626,41115.49138,"11,844.10","40,051.87",-0.62
2019-10-29,33811.4392,40162.09964,"11,877.45","40,129.05",1.0
2019-10-30,34004.68244,40919.11221,"11,890.60","40,165.03",-0.03
2019-10-31,34485.61656,41208.36606,"11,941.30","40,301.96",0.0
2019-11-01,34573.58384,41521.29766,"11,917.20","40,248.23",-0.32
2019-11-02,34573.58384,41521.29766,"11,917.20","40,248.23",0.0
2019-11-03,34573.58384,41521.29766,"11,917.20","40,248.23",-0.95
2019-11-04,34219.45741,41225.66716,"11,966.05","40,469.78",-0.31
2019-11-05,33988.28106,41191.34503,"12,012.05","40,653.74",-0.98
2019-11-06,33871.91483,39979.36719,"11,908.15","40,323.61",-0.03
2019-11-07,34003.87235,40160.88141,"11,913.45","40,345.08",0.0
2019-11-08,33567.15699,38538.6681,"11,840.45","40,116.06",-0.26
2019-11-09,33567.15699,38538.6681,"11,840.45","40,116.06",-0.26
2019-11-10,33567.15699,38538.6681,"11,840.45","40,116.06",-0.05
2019-11-11,33461.90689,38721.94339,"11,872.10","40,286.48",0.0
2019-11-12,33494.92966,38603.19189,"11,895.45","40,356.69",-0.6
2019-11-13,33760.54314,39116.90521,"11,884.50","40,284.19",-0.08
2019-11-14,34017.54805,39511.05792,"11,940.10","40,469.70",0.04
2019-11-15,33935.62308,39027.47027,"11,999.10","40,651.64",0.0
2019-11-16,33935.62308,39027.47027,"11,999.10","40,651.64",1.0
2019-11-17,33935.62308,39027.47027,"11,999.10","40,651.64",-0.89
2019-11-18,33796.97823,38675.45051,"11,968.40","40,575.17",-0.21
2019-11-19,33961.75601,39606.05208,"11,914.40","40,359.41",0.0
2019-11-20,34100.79862,39657.2106,"12,073.75","40,889.23",0.0
2019-11-21,33950.60472,39549.83366,"12,037.70","40,821.30",-1.0
2019-11-22,33777.48004,39614.06806,"12,100.70","41,020.61",-0.21
2019-11-23,33777.48004,39614.06806,"12,100.70","41,020.61",0.99
2019-11-24,33777.48004,39614.06806,"12,100.70","41,020.61",-1.0
2019-11-25,33657.86611,38933.63969,"12,151.15","41,130.17",0.0
2019-11-26,33523.0557,39027.4601,"12,056.05","40,793.81",-1.0
2019-11-27,33399.29235,39166.97707,"12,048.20","40,802.17",0.75
2019-11-28,33311.85119,38804.47657,"11,994.20","40,675.45",0.52
2019-11-29,33587.83982,39024.60038,"12,043.20","40,850.29",0.52
2019-11-30,33587.83982,39024.60038,"12,043.20","40,850.29",0.52
2019-12-01,33587.83982,39024.60038,"12,043.20","40,850.29",0.01
2019-12-02,33700.8494,38921.52302,"12,018.40","40,779.59",0.08
2019-12-03,34019.24502,39170.60569,"11,921.50","40,445.15",1.0
2019-12-04,34018.66434,39505.09932,"11,937.50","40,487.43",1.0
2019-12-05,33919.30504,38769.51631,"11,856.80","40,239.88",-0.5
2019-12-06,33427.33749,38794.16963,"11,910.15","40,412.57",0.0
2019-12-07,33427.33749,38794.16963,"11,910.15","40,412.57",0.0
2019-12-08,33427.33749,38794.16963,"11,910.15","40,412.57",0.0
2019-12-09,33494.49493,38084.32002,"11,971.80","40,581.71",-0.5
2019-12-10,33421.63923,38042.65225,"12,086.70","41,009.71",-0.5
2019-12-11,33398.86364,37934.62423,"12,053.95","40,938.72",-0.45
2019-12-12,33377.69791,38350.92487,"12,165.00","41,352.17",-0.5
2019-12-13,33341.35532,38499.64901,"12,221.65","41,558.57",1.0
2019-12-14,33341.35532,38499.64901,"12,221.65","41,558.57",1.0
2019-12-15,33341.35532,38499.64901,"12,221.65","41,558.57",0.0
2019-12-16,33583.7538,38676.19525,"12,259.70","41,673.92",-0.01
2019-12-17,33650.3856,38899.28028,"12,271.80","41,681.54",0.01
2019-12-18,33660.28944,38808.4949,"12,262.75","41,642.66",-0.48
2019-12-19,33703.90151,38663.51266,"12,214.55","41,461.26",-0.36
2019-12-20,33867.04913,39007.78782,"12,126.55","41,163.76",-1.0
2019-12-21,33867.04913,39007.78782,"12,126.55","41,163.76",-1.0
2019-12-22,33867.04913,39007.78782,"12,126.55","41,163.76",-1.0
2019-12-23,33855.74274,39689.86777,"12,245.80","41,575.14",-0.5
2019-12-24,33855.74274,39689.86777,"12,255.85","41,558.00",1.0
2019-12-25,33855.74274,39689.86777,"12,255.85","41,558.00",0.01
2019-12-26,33855.74274,39689.86777,"12,255.85","41,558.00",-1.0
2019-12-27,34726.57048,40952.77002,"12,168.45","41,253.74",-1.0
2019-12-28,34726.57048,40952.77002,"12,168.45","41,253.74",-1.0
2019-12-29,34726.57048,40952.77002,"12,168.45","41,253.74",-1.0
2019-12-30,34776.8912,40924.11855,"12,182.50","41,306.02",-1.0
2019-12-31,34776.8912,40924.11855,"12,282.20","41,626.64",-1.0
2020-01-01,34776.8912,40924.11855,"12,282.20","41,626.64",-0.12
2020-01-02,34871.40693,40931.82956,"12,226.65","41,464.61",-0.55
2020-01-03,35559.97968,41810.95916,"11,993.05","40,676.63",-0.22
2020-01-04,35559.97968,41810.95916,"11,993.05","40,676.63",-0.98
2020-01-05,35559.97968,41810.95916,"11,993.05","40,676.63",-0.02
2020-01-06,36273.32409,42519.87135,"12,052.95","40,869.47",-0.04
2020-01-07,36303.48748,42014.65576,"12,025.35","40,817.74",0.54
2020-01-08,36469.18137,42734.3313,"12,215.90","41,452.35",-0.12
2020-01-09,35713.09269,41245.94487,"12,256.80","41,599.72",-0.25
2020-01-10,35660.0997,41120.66723,"12,329.55","41,859.69",-0.0
2020-01-11,35660.0997,41120.66723,"12,329.55","41,859.69",-0.97
2020-01-12,35660.0997,41120.66723,"12,329.55","41,859.69",0.0
2020-01-13,35356.16871,41027.20784,"12,362.30","41,952.63",-0.37
2020-01-14,35130.37987,40403.0063,"12,343.30","41,872.73",-0.18
2020-01-15,35411.33623,40806.47848,"12,355.50","41,932.56",-0.23
2020-01-16,35451.99818,41072.36739,"12,352.35","41,945.37",-0.21
2020-01-17,35636.7312,41319.93872,"12,224.55","41,528.91",-0.2
2020-01-18,35636.7312,41319.93872,"12,224.55","41,528.91",-0.49
2020-01-19,35636.7312,41319.93872,"12,224.55","41,528.91",-0.58
2020-01-20,35630.46779,41233.73368,"12,169.85","41,323.81",0.22
2020-01-21,35532.49321,41194.6039,"12,106.90","41,115.38",-0.31
2020-01-22,35641.49074,40680.15225,"12,180.35","41,386.40",0.01
2020-01-23,35711.51253,40215.15264,"12,248.25","41,613.19",-0.68
2020-01-24,35870.34024,40885.26283,"12,119.00","41,155.12",-0.3
2020-01-25,35870.34024,40885.26283,"12,119.00","41,155.12",-0.02
2020-01-26,35870.34024,40885.26283,"12,119.00","41,155.12",-1.0
2020-01-27,36231.52764,41950.24354,"12,055.80","40,966.86",-0.35
2020-01-28,36261.18232,41410.08591,"12,129.50","41,198.66",-0.0
2020-01-29,36033.56714,40008.03445,"12,035.80","40,913.82",-0.53
2020-01-30,36178.96048,40631.84379,"11,962.10","40,723.49",-0.37
2020-01-31,36488.52586,41194.12227,"11,661.85","39,735.53",-0.8
2020-02-01,36488.52586,41194.12227,"11,661.85","39,735.53",-0.29
2020-02-02,36488.52586,41194.12227,"11,661.85","39,735.53",-0.62
2020-02-03,36222.76773,40874.96952,"11,707.90","39,872.31",-0.73
2020-02-04,35729.8474,40651.3424,"11,979.65","40,789.38",-0.18
2020-02-05,35507.34033,40278.07484,"12,089.15","41,142.66",-0.32
2020-02-06,35776.4423,40655.56818,"12,137.95","41,306.03",-0.35
2020-02-07,36136.54318,40832.12236,"12,098.35","41,141.85",-0.59
2020-02-08,36136.54318,40832.12236,"12,098.35","41,141.85",0.1
2020-02-09,36136.54318,40832.12236,"12,098.35","41,141.85",-0.09
2020-02-10,36166.88195,40886.60027,"12,031.50","40,979.62",-0.66
2020-02-11,36087.14022,40682.76457,"12,107.90","41,216.14",-0.01
2020-02-12,35833.10388,40239.77132,"12,201.20","41,565.90",-0.57
2020-02-13,36103.83201,40435.0082,"12,174.65","41,459.79",-0.23
2020-02-14,36235.15279,40568.06502,"12,113.45","41,257.74",-0.38
2020-02-15,36235.15279,40568.06502,"12,113.45","41,257.74",-0.5
2020-02-16,36235.15279,40568.06502,"12,113.45","41,257.74",0.0
2020-02-17,36348.05734,40928.35404,"12,045.80","41,055.69",-0.2
2020-02-18,36470.06923,41026.96407,"11,992.50","40,894.38",0.0
2020-02-19,37026.54672,42342.10196,"12,125.90","41,323.00",-0.29
2020-02-20,37286.36926,42341.56262,"12,080.85","41,170.12",0.13
2020-02-21,38098.08049,43029.29312,"11,829.40","40,363.23",-0.25
2020-02-22,38098.08049,43029.29312,"11,829.40","40,363.23",-0.07
2020-02-23,38098.08049,43029.29312,"11,829.40","40,363.23",-0.27
2020-02-24,38626.35733,43382.87673,"11,797.90","40,281.20",0.21
2020-02-25,38226.78123,42458.75901,"11,678.50","39,888.96",-0.98
2020-02-26,37777.18517,41765.40596,"11,633.30","39,745.66",0.17
2020-02-27,38062.57661,41587.7426,"11,201.75","38,297.29",-0.14
2020-02-28,37229.41486,39742.05636,"11,132.75","38,144.02",0.0
2020-02-29,37229.41486,39742.05636,"11,132.75","38,144.02",-0.16
2020-03-01,37229.41486,39742.05636,"11,132.75","38,144.02",1.0
2020-03-02,37301.59411,39443.40727,"11,303.30","38,623.70",-0.13
2020-03-03,37616.39823,39141.54468,"11,251.00","38,409.48",-0.42
2020-03-04,38714.79661,40675.47227,"11,269.00","38,470.61",-0.02
2020-03-05,39507.10948,40944.94355,"10,989.45","37,576.62",-0.09
2020-03-06,39978.18386,41506.17135,"10,451.45","35,634.95",0.03
2020-03-07,39978.18386,41506.17135,"10,451.45","35,634.95",0.08
2020-03-08,39978.18386,41506.17135,"10,451.45","35,634.95",-0.49
2020-03-09,39788.81452,40169.4549,"10,458.40","35,697.40",-0.12
2020-03-10,40001.14827,41240.53881,"9,590.15","32,778.14",0.18
2020-03-11,39454.24858,40605.37027,"9,955.20","34,103.48",0.0
2020-03-12,37753.15805,39719.2931,"9,197.40","31,390.07",0.57
2020-03-13,37400.52754,37740.35829,"8,967.05","30,579.09",0.2
2020-03-14,37400.52754,37740.35829,"8,967.05","30,579.09",0.98
2020-03-15,37400.52754,37740.35829,"8,967.05","30,579.09",0.02
2020-03-16,35313.35508,30774.86379,"8,468.80","28,869.51",-0.11
2020-03-17,37119.00894,30058.6168,"8,263.45","28,288.23",0.1
2020-03-18,35650.4492,29554.03679,"8,745.45","29,915.96",0.47
2020-03-19,35540.12135,28940.76017,"7,610.25","25,981.24",0.04
2020-03-20,36572.64696,30909.56445,"7,801.05","26,674.03",0.01
2020-03-21,36572.64696,30909.56445,"7,801.05","26,674.03",0.11
2020-03-22,36572.64696,30909.56445,"7,801.05","26,674.03",-0.38
2020-03-23,36972.56315,30321.67071,"8,317.85","28,535.78",0.25
2020-03-24,39497.00345,33513.72704,"8,641.45","29,946.77",0.0
2020-03-25,39878.81435,34688.56971,"8,660.25","29,815.59",-0.19
2020-03-26,40521.13352,35729.88376,"8,281.10","28,440.32",0.01
2020-03-27,38855.34248,34391.5308,"8,597.75","29,468.49",0.03
2020-03-28,38855.34248,34391.5308,"8,597.75","29,468.49",-0.05
2020-03-29,38855.34248,34391.5308,"8,597.75","29,468.49",-0.11
2020-03-30,39264.07093,34101.0021,"8,253.80","28,265.31",0.0
2020-03-31,39003.6467,33768.65648,"8,083.80","27,590.95",-0.11
2020-04-01,38578.04494,34294.58627,"8,792.20","30,067.21",0.1
2020-04-02,39810.13109,34902.80853,"8,792.20","30,067.21",0.2
2020-04-03,40006.60131,35688.73553,"8,748.75","29,893.96",0.21
2020-04-04,40006.60131,35688.73553,"8,748.75","29,893.96",-0.24
2020-04-05,40006.60131,35688.73553,"8,748.75","29,893.96",-0.14
2020-04-06,40397.35526,35672.11708,"8,748.75","29,893.96",0.16
2020-04-07,40280.06699,36818.06942,"9,111.90","31,159.62",0.19
2020-04-08,40612.90678,37130.32168,"8,993.85","30,690.02",-0.04
2020-04-09,41043.77107,37059.42498,"8,925.30","30,379.81",0.1
2020-04-10,41043.77107,37059.42498,"8,925.30","30,379.81",0.01
2020-04-11,41043.77107,37059.42498,"8,925.30","30,379.81",0.12
2020-04-12,41043.77107,37059.42498,"8,925.30","30,379.81",-0.08
2020-04-13,41043.77107,37059.42498,"8,925.30","30,379.81",-0.09
2020-04-14,43072.17386,38351.76627,"8,925.30","30,379.81",0.08
2020-04-15,41956.3114,38010.05257,"8,992.80","30,602.61",-0.0
2020-04-16,42537.63121,38122.76864,"9,266.75","31,588.72",0.04
2020-04-17,41824.08236,37461.40963,"9,261.85","31,648.00",-0.13
2020-04-18,41824.08236,37461.40963,"9,261.85","31,648.00",-0.18
2020-04-19,41824.08236,37461.40963,"9,261.85","31,648.00",-0.49
2020-04-20,41505.12599,37291.10774,"8,981.45","30,636.71",-0.04
2020-04-21,41420.49815,36863.64004,"9,187.30","31,379.55",0.27
2020-04-22,42723.18978,37239.6457,"9,313.90","31,863.08",0.01
2020-04-23,42979.9135,37886.68545,"9,154.40","31,327.22",-0.09
2020-04-24,42160.32584,37629.5466,"9,282.30","31,743.08",0.15
2020-04-25,42160.32584,37629.5466,"9,282.30","31,743.08",-0.16
2020-04-26,42160.32584,37629.5466,"9,282.30","31,743.08",-0.06
2020-04-27,42053.72673,37285.45525,"9,380.90","32,114.52",-0.01
2020-04-28,41688.47993,37325.05859,"9,553.35","32,720.16",-0.0
2020-04-29,41875.23942,37281.70991,"9,859.90","33,717.62",-0.09
2020-04-30,41392.42503,37278.09942,"9,293.50","31,715.35",-0.15
2020-05-01,41050.95944,36139.45102,"9,205.60","31,453.51",-0.2
2020-05-02,41050.95944,36139.45102,"9,205.60","31,453.51",-0.44
2020-05-03,41050.95944,36139.45102,"9,205.60","31,453.51",-0.05
2020-05-04,41536.34904,36284.45914,"9,270.90","31,685.75",-0.18
2020-05-05,41325.56188,35865.49603,"9,199.05","31,443.38",-0.01
2020-05-06,41423.48984,36917.47616,"9,251.50","31,642.70",-0.22
2020-05-07,41939.02056,36867.8459,"9,239.20","31,561.22",0.03
2020-05-08,41939.02056,36867.8459,"9,239.20","31,561.22",-0.06
2020-05-09,41939.02056,36867.8459,"9,239.20","31,561.22",0.07
2020-05-10,41939.02056,36867.8459,"9,239.20","31,561.22",0.09
2020-05-11,41345.89263,37503.29242,"9,196.55","31,371.12",-0.37
2020-05-12,41557.74788,37800.85327,"9,383.55","32,008.61",-0.27
2020-05-13,41397.12425,37704.241,"9,142.75","31,122.89",-0.27
2020-05-14,41991.97503,37660.8554,"9,136.85","31,097.73",-0.19
2020-05-15,42115.16276,39437.08156,"8,823.25","30,028.98",-0.12
2020-05-16,42115.16276,39437.08156,"8,823.25","30,028.98",-0.3
2020-05-17,42115.16276,39437.08156,"8,823.25","30,028.98",-0.47
2020-05-18,42286.22309,42293.5361,"8,879.10","30,196.17",-0.1
2020-05-19,42242.51821,41611.77892,"9,066.55","30,818.61",-0.35
2020-05-20,42550.2933,42518.65377,"9,106.25","30,932.90",0.03
2020-05-21,42025.14838,41917.94759,"9,039.25","30,672.59",-0.11
2020-05-22,42149.50689,41333.77273,"9,029.05","30,609.30",0.2
2020-05-23,42149.50689,41333.77273,"9,029.05","30,609.30",-0.01
2020-05-24,42149.50689,41333.77273,"9,029.05","30,609.30",-0.28
2020-05-25,42149.50689,41333.77273,"9,029.05","30,609.30",-0.28
2020-05-26,41963.62259,42201.46321,"9,314.95","31,605.22",0.6
2020-05-27,41128.65436,41720.85262,"9,490.10","32,200.59",-0.11
2020-05-28,41899.56115,42305.78451,"9,580.30","32,424.10",-0.16
2020-05-29,42217.77301,42957.75017,"9,826.15","33,303.52",-0.04
2020-05-30,42217.77301,42957.75017,"9,826.15","33,303.52",-0.27
2020-05-31,42217.77301,42957.75017,"9,826.15","33,303.52",-0.03
2020-06-01,42015.57451,44088.91906,"9,979.10","33,825.53",-0.08
2020-06-02,42417.42078,44483.32679,"10,061.55","34,109.54",-0.12
2020-06-03,41271.95482,43223.80233,"10,029.10","33,980.70",-0.34
2020-06-04,41172.48959,42987.65861,"10,142.15","34,287.24",-0.01
2020-06-05,40854.62827,42663.83706,"10,167.45","34,370.58",-0.02
2020-06-06,40854.62827,42663.83706,"10,167.45","34,370.58",-0.16
2020-06-07,40854.62827,42663.83706,"10,167.45","34,370.58",-0.07
2020-06-08,41040.82955,42804.73423,"10,046.65","33,956.69",-0.07
2020-06-09,41537.94989,42737.90817,"10,116.15","34,247.05",-0.08
2020-06-10,41806.05839,43006.55175,"9,902.00","33,538.37",-0.11
2020-06-11,42403.4976,43604.91986,"9,972.90","33,780.89",0.16
2020-06-12,42574.65021,43286.88837,"9,813.70","33,228.80",-0.24
2020-06-13,42574.65021,43286.88837,"9,813.70","33,228.80",-0.12
2020-06-14,42574.65021,43286.88837,"9,813.70","33,228.80",-0.22
2020-06-15,41770.37408,41722.75373,"9,914.00","33,605.22",-0.08
2020-06-16,42077.67366,42595.12739,"9,881.15","33,507.92",-0.2
2020-06-17,42357.5236,42913.90596,"10,091.65","34,208.05",0.23
2020-06-18,42175.41957,43205.58393,"10,244.40","34,731.73",0.02
2020-06-19,42657.27634,43093.74652,"10,311.20","34,911.32",-0.06
2020-06-20,42657.27634,43093.74652,"10,311.20","34,911.32",-0.14
2020-06-21,42657.27634,43093.74652,"10,311.20","34,911.32",-0.2
2020-06-22,43195.75796,43787.85011,"10,471.00","35,430.43",-0.06
2020-06-23,43222.27402,43517.93207,"10,305.30","34,868.98",-0.17
2020-06-24,43061.78563,43536.03706,"10,288.90","34,842.10",-0.07
2020-06-25,42903.5656,42816.85719,"10,383.00","35,171.27",-0.29
2020-06-26,42444.48348,43304.25386,"10,312.40","34,961.52",0.21
2020-06-27,42444.48348,43304.25386,"10,312.40","34,961.52",-0.35
2020-06-28,42444.48348,43304.25386,"10,312.40","34,961.52",-0.17
2020-06-29,43071.69044,43531.19312,"10,302.10","34,915.80",-0.13
2020-06-30,42929.18434,43327.37371,"10,430.05","35,414.45",-0.27
2020-07-01,43022.56115,44260.24472,"10,551.70","35,843.70",-0.23
2020-07-02,43246.89145,43613.07093,"10,607.35","36,021.42",-0.02
2020-07-03,42678.76204,43379.28207,"10,763.65","36,487.28",-0.26
2020-07-04,42678.76204,43379.28207,"10,763.65","36,487.28",-0.2
2020-07-05,42678.76204,43379.28207,"10,763.65","36,487.28",-0.47
2020-07-06,42927.36087,43830.13439,"10,799.65","36,674.52",-0.39
2020-07-07,42925.6669,43224.30318,"10,705.75","36,329.01",-0.12
2020-07-08,43743.91548,44647.24629,"10,813.45","36,737.69",-0.0
2020-07-09,43649.21648,45369.07413,"10,768.05","36,594.33",-0.24
2020-07-10,43675.3249,45465.35679,"10,802.70","36,693.69",-0.78
2020-07-11,43675.3249,45465.35679,"10,802.70","36,693.69",-0.2
2020-07-12,43675.3249,45465.35679,"10,802.70","36,693.69",-0.43
2020-07-13,43697.2346,46163.13663,"10,607.35","36,033.06",-0.44
2020-07-14,43709.98428,45834.96048,"10,618.20","36,051.81",-0.2
2020-07-15,43848.00411,46967.85545,"10,739.95","36,471.68",-0.37
2020-07-16,43661.73695,46482.83054,"10,901.70","37,020.14",-0.34
2020-07-17,43824.75714,46459.31042,"11,022.20","37,418.99",-0.14
2020-07-18,43824.75714,46459.31042,"11,022.20","37,418.99",-0.03
2020-07-19,43824.75714,46459.31042,"11,022.20","37,418.99",-0.09
2020-07-20,43720.9524,46811.6275,"11,162.25","37,930.33",-0.37
2020-07-21,44423.56031,49557.74781,"11,132.60","37,871.52",-0.12
2020-07-22,44530.01831,53474.9653,"11,215.45","38,140.47",-0.32
2020-07-23,45182.82701,54990.12008,"11,194.15","38,128.90",-0.28
2020-07-24,45892.9351,54226.57675,"11,131.80","37,934.73",0.0
2020-07-25,45892.9351,54226.57675,"11,131.80","37,934.73",0.01
2020-07-26,45892.9351,54226.57675,"11,131.80","37,934.73",-0.58
2020-07-27,46527.66897,58560.50041,"11,300.55","38,492.95",-0.36
2020-07-28,46801.0031,56774.15725,"11,202.85","38,071.13",-0.25
2020-07-29,47098.58157,58749.49934,"11,102.15","37,736.07",0.13
2020-07-30,47098.65407,55720.11484,"11,073.45","37,606.89",-0.06
2020-07-31,47243.13492,57872.78016,"10,891.60","36,939.60",-0.39
2020-08-01,47243.13492,57872.78016,"10,891.60","36,939.60",-0.34
2020-08-02,47243.13492,57872.78016,"10,891.60","36,939.60",-0.45
2020-08-03,47174.90091,58361.94374,"11,095.25","37,687.91",-0.01
2020-08-04,47903.03694,58925.16754,"11,101.65","37,663.33",-0.33
2020-08-05,49551.75061,65189.16681,"11,200.15","38,025.45",-0.22
2020-08-06,49911.73368,67328.86795,"11,214.05","38,040.57",-0.2
2020-08-07,48911.77355,68220.98539,"11,270.15","38,182.08",0.1
2020-08-08,48911.77355,68220.98539,"11,270.15","38,182.08",-0.01
2020-08-09,48911.77355,68220.98539,"11,270.15","38,182.08",0.01
2020-08-10,49316.79685,68192.01991,"11,322.50","38,407.01",0.14
2020-08-11,46833.2217,68282.60303,"11,308.40","38,369.63",-0.52
2020-08-12,46521.87499,62152.78189,"11,300.45","38,310.49",-0.08
2020-08-13,46880.21782,63294.62352,"11,178.40","37,877.34",-0.03
2020-08-14,46912.59522,64419.6352,"11,247.10","38,050.78",-0.38
2020-08-15,46912.59522,64419.6352,"11,247.10","38,050.78",-0.45
2020-08-16,46912.59522,64419.6352,"11,247.10","38,050.78",-0.45
2020-08-17,47509.76351,64816.14339,"11,385.35","38,528.32",-0.41
2020-08-18,48437.073,68300.1913,"11,408.40","38,614.79",-0.03
2020-08-19,47637.36912,65985.33108,"11,312.20","38,220.39",-0.26
2020-08-20,46580.97545,65056.01299,"11,371.60","38,434.72",-0.02
2020-08-21,46519.48506,64907.53625,"11,466.45","38,799.08",-0.15
2020-08-22,46519.48506,64907.53625,"11,466.45","38,799.08",0.32
2020-08-23,46519.48506,64907.53625,"11,466.45","38,799.08",0.32
2020-08-24,46825.67273,64760.31849,"11,472.25","38,843.88",-0.17
2020-08-25,45714.97221,63376.40629,"11,549.60","39,073.92",-0.13
2020-08-26,46269.05588,63181.75482,"11,559.25","39,113.47",-0.16
2020-08-27,46055.86801,65222.97082,"11,647.60","39,467.31",-0.1
2020-08-28,46549.48204,65043.46866,"11,387.50","38,628.29",-0.04
2020-08-29,46549.48204,65043.46866,"11,387.50","38,628.29",-0.96
2020-08-30,46549.48204,65043.46866,"11,387.50","38,628.29",-0.77
2020-08-31,46549.48204,65043.46866,"11,387.50","38,628.29",0.19
2020-09-01,46715.97105,68415.38387,"11,470.25","38,900.80",0.1
2020-09-02,45866.33262,65264.20714,"11,535.00","39,086.03",-0.22
2020-09-03,45829.39382,63532.20612,"11,527.45","38,990.94",-0.33
2020-09-04,45623.71149,63510.34748,"11,333.85","38,357.18",-0.25
2020-09-05,45623.71149,63510.34748,"11,333.85","38,357.18",0.1
2020-09-06,45623.71149,63510.34748,"11,333.85","38,357.18",-0.33
2020-09-07,45440.76235,63220.49594,"11,355.05","38,417.23",0.08
2020-09-08,45249.40001,63163.75338,"11,317.35","38,365.35",-0.1
2020-09-09,46193.40303,62948.94975,"11,278.00","38,193.92",-0.17
2020-09-10,46495.63342,64094.80706,"11,449.25","38,840.32",-0.36
2020-09-11,46175.10891,63723.73688,"11,464.45","38,854.55",0.51
2020-09-12,46175.10891,63723.73688,"11,464.45","38,854.55",-0.43
2020-09-13,46175.10891,63723.73688,"11,464.45","38,854.55",-0.52
2020-09-14,46272.19693,63512.943,"11,440.05","38,756.63",0.12
2020-09-15,45991.96433,64988.26057,"11,521.80","39,044.35",-0.24
2020-09-16,46428.31006,64797.99823,"11,604.55","39,302.85",0.06
2020-09-17,45920.06665,63428.38903,"11,516.10","38,979.85",0.07
2020-09-18,46275.72815,64188.49239,"11,504.95","38,845.82",-0.63
2020-09-19,46275.72815,64188.49239,"11,504.95","38,845.82",-0.29
2020-09-20,46275.72815,64188.49239,"11,504.95","38,845.82",-0.72
2020-09-21,45140.79334,62320.23005,"11,250.55","38,034.14",-0.5
2020-09-22,45089.17148,57485.14517,"11,153.65","37,734.08",-0.14
2020-09-23,44271.65142,55759.02718,"11,131.85","37,668.42",-0.54
2020-09-24,44299.87661,52871.93546,"10,805.55","36,553.60",-0.67
2020-09-25,44191.30787,53774.76459,"11,050.25","37,388.66",0.13
2020-09-26,44191.30787,53774.76459,"11,050.25","37,388.66",-1.0
2020-09-27,44191.30787,53774.76459,"11,050.25","37,388.66",0.33
2020-09-28,44174.38396,54237.60386,"11,227.55","37,981.63",-0.13
2020-09-29,44679.60096,56526.88707,"11,222.40","37,973.22",-0.15
2020-09-30,44682.95131,56182.25766,"11,247.55","38,067.93",-0.3
2020-10-01,45071.10576,55971.5835,"11,416.95","38,697.05",-0.27
2020-10-02,44921.60921,56333.47541,"11,416.95","38,697.05",0.34
2020-10-03,44921.60921,56333.47541,"11,416.95","38,697.05",0.0
2020-10-04,44921.60921,56333.47541,"11,416.95","38,697.05",-0.26
2020-10-05,45016.36466,56376.53754,"11,503.35","38,973.70",-0.15
2020-10-06,44978.78689,57122.63622,"11,662.40","39,574.57",0.15
2020-10-07,44723.06051,55841.52899,"11,738.85","39,878.95",0.04
2020-10-08,44627.70984,56652.09291,"11,834.60","40,182.67",-0.15
2020-10-09,45312.17563,57286.65282,"11,914.20","40,509.49",0.01
2020-10-10,45312.17563,57286.65282,"11,914.20","40,509.49",0.37
2020-10-11,45312.17563,57286.65282,"11,914.20","40,509.49",-0.04
2020-10-12,45200.76196,58827.89377,"11,930.95","40,593.80",-0.54
2020-10-13,44602.17276,58803.74228,"11,934.50","40,625.51",-0.25
2020-10-14,45085.80005,57063.91017,"11,971.05","40,794.74",-0.2
2020-10-15,44702.51282,56554.50311,"11,680.35","39,728.41",-0.29
2020-10-16,45060.69365,57619.40618,"11,762.45","39,982.98",-0.24
2020-10-17,45060.69365,57619.40618,"11,762.45","39,982.98",0.01
2020-10-18,45060.69365,57619.40618,"11,762.45","39,982.98",-0.3
2020-10-19,44996.38597,58653.97919,"11,873.05","40,431.60",-0.45
2020-10-20,44795.79471,58118.43783,"11,896.80","40,544.37",-0.45
2020-10-21,45456.60807,59107.88316,"11,937.65","40,707.31",-0.5
2020-10-22,45058.44517,59056.32245,"11,896.45","40,558.49",-0.1
2020-10-23,45119.38525,58684.94622,"11,930.35","40,685.50",0.21
2020-10-24,45119.38525,58684.94622,"11,930.35","40,685.50",-0.86
2020-10-25,45119.38525,58684.94622,"11,930.35","40,685.50",0.21
2020-10-26,45065.71842,57636.26344,"11,767.75","40,145.50",-0.29
2020-10-27,45423.77161,58242.63312,"11,889.40","40,522.10",-0.17
2020-10-28,44377.69957,56778.86908,"11,729.60","39,922.46",-0.29
2020-10-29,44761.88716,55081.79613,"11,670.80","39,749.85",-0.61
2020-10-30,44931.82709,56408.02482,"11,642.40","39,614.07",0.48
2020-10-31,44931.82709,56408.02482,"11,642.40","39,614.07",-1.0
2020-11-01,44931.82709,56408.02482,"11,642.40","39,614.07",-0.33
2020-11-02,45393.3874,57585.39938,"11,669.15","39,757.58",0.01
2020-11-03,45681.64845,57859.11246,"11,813.50","40,261.13",-0.76
2020-11-04,45726.75863,57695.39447,"11,908.50","40,616.14",0.0
2020-11-05,46237.42371,58606.2834,"12,120.30","41,340.16",-0.35
2020-11-06,46249.49019,61434.04046,"12,263.55","41,893.06",-0.01
2020-11-07,46249.49019,61434.04046,"12,263.55","41,893.06",0.99
2020-11-08,46249.49019,61434.04046,"12,263.55","41,893.06",0.49
2020-11-09,44411.40429,59709.11502,"12,461.05","42,597.43",-0.0
2020-11-10,44781.71785,57672.52161,"12,631.10","43,277.65",0.39
2020-11-11,44557.55986,57967.08801,"12,749.15","43,593.67",-0.23
2020-11-12,44982.17565,58097.62826,"12,690.80","43,357.19",0.09
2020-11-13,45395.76496,58206.16222,"12,719.95","43,443.00",-1.0
2020-11-14,45395.76496,58206.16222,"12,719.95","43,443.00",1.0
2020-11-15,45395.76496,58206.16222,"12,719.95","43,443.00",0.0
2020-11-16,45218.87347,58190.28239,"12,780.25","43,637.98",0.0
2020-11-17,45277.43925,59034.08214,"12,874.20","43,952.71",-0.26
2020-11-18,44924.88666,58224.43469,"12,938.25","44,180.05",-0.29
2020-11-19,44440.00942,57375.90792,"12,771.70","43,599.96",-0.26
2020-11-20,44685.84676,57569.62664,"12,859.05","43,882.25",-0.33
2020-11-21,44685.84676,57569.62664,"12,859.05","43,882.25",-0.17
2020-11-22,44685.84676,57569.62664,"12,859.05","43,882.25",-1.0
2020-11-23,43852.05859,56965.73528,"12,926.45","44,077.15",-0.06
2020-11-24,42956.70918,55271.31591,"13,055.15","44,523.02",-0.34
2020-11-25,43044.62204,55666.47895,"12,858.40","43,828.10",-0.16
2020-11-26,42872.92146,55411.721,"12,987.00","44,259.74",-0.25
2020-11-27,42360.19299,55078.01185,"12,968.95","44,149.72",-0.14
2020-11-28,42360.19299,55078.01185,"12,968.95","44,149.72",-0.4
2020-11-29,42360.19299,55078.01185,"12,968.95","44,149.72",0.1
2020-11-30,41897.1075,52652.17617,"13,109.05","44,655.44",-0.25
2020-12-01,43095.19215,56012.44497,"13,113.75","44,618.04",-0.43
2020-12-02,43168.96088,56797.52452,"13,133.90","44,632.65",-0.05
2020-12-03,43395.65047,57241.95006,"13,258.55","45,079.55",-0.22
2020-12-04,43811.65545,57587.48526,"13,355.75","45,426.97",-0.11
2020-12-05,43811.65545,57587.48526,"13,355.75","45,426.97",0.08
2020-12-06,43811.65545,57587.48526,"13,355.75","45,426.97",-0.25
2020-12-07,44125.66585,56344.77077,"13,392.95","45,608.51",-0.07
2020-12-08,44331.97581,58080.19205,"13,529.10","46,103.50",-0.32
2020-12-09,43718.75668,57172.05129,"13,478.30","45,959.88",-0.68
2020-12-10,43771.5805,56685.78091,"13,513.85","46,099.01",-0.18
2020-12-11,43662.15423,56450.28246,"13,558.15","46,253.46",-0.17
2020-12-12,43662.15423,56450.28246,"13,558.15","46,253.46",-0.25
2020-12-13,43662.15423,56450.28246,"13,558.15","46,253.46",-0.16
2020-12-14,43411.62148,56553.76296,"13,567.85","46,263.17",-0.33
2020-12-15,43946.50469,57502.20793,"13,682.70","46,666.46",-0.29
2020-12-16,43917.71634,59594.06094,"13,740.70","46,890.34",0.02
2020-12-17,44877.34136,61094.42109,"13,760.55","46,960.69",0.13
2020-12-18,44483.29518,61089.83988,"13,328.40","45,553.96",-0.33
2020-12-19,44483.29518,61089.83988,"13,328.40","45,553.96",-0.33
2020-12-20,44483.29518,61089.83988,"13,328.40","45,553.96",-0.46
2020-12-21,44488.48779,61893.42543,"13,466.30","46,006.69",-0.21
2020-12-22,44620.0451,61257.18193,"13,601.10","46,444.18",-0.43
2020-12-23,44612.44374,60232.74737,"13,749.25","46,973.54",-0.33
2020-12-24,44612.44374,60232.74737,"13,873.20","47,353.75",0.32
2020-12-25,44612.44374,60232.74737,"13,873.20","47,353.75",-0.22
2020-12-26,44612.44374,60232.74737,"13,873.20","47,353.75",-0.16
2020-12-27,44612.44374,60232.74737,"13,873.20","47,353.75",0.0
2020-12-28,44612.44374,60232.74737,"13,873.20","47,353.75",-0.09
2020-12-29,44318.2292,61832.24103,"13,932.60","47,613.08",-0.16
2020-12-30,44699.52774,62291.85618,"13,981.95","47,746.22",0.0
