Date,Gold Price (INR / 10gms),Silver Price (INR / 1kg),Price_Nifty,Price_Sensex
01-01-2018,,,,33812.75
02-01-2018,26975.4,35156.11,10442.2,33812.26
03-01-2018,26854.25,35062.32,10443.2,33793.38
04-01-2018,26902.19,35047.88,10504.8,33969.64
05-01-2018,26899.53,35053.12,10558.85,34153.85
08-01-2018,26820.55,34708.46,10623.6,34352.79
09-01-2018,26759.06,34549.94,10637.0,34443.19
10-01-2018,26953.32,34705.42,10632.2,34433.07
11-01-2018,27071.4,34631.54,10651.2,34503.49
12-01-2018,27296.11,34942.05,10681.25,34592.39
15-01-2018,27260.27,34896.17,10741.55,34843.51
16-01-2018,27272.26,34967.47,10700.45,34771.05
17-01-2018,27528.88,35192.93,10788.55,35081.82
18-01-2018,27209.8,34664.8,10817.0,35260.29
19-01-2018,27349.12,34856.31,10894.7,35511.58
22-01-2018,27313.39,34746.64,10966.2,35798.01
23-01-2018,27432.51,34616.68,11083.7,36139.98
24-01-2018,27790.88,35714.73,11086.0,36161.64
25-01-2018,27848.5,35875.6,11069.65,36050.44
26-01-2018,27625.66,35527.46,11069.65,36050.44
29-01-2018,27624.31,35525.73,11130.4,36283.25
30-01-2018,27335.89,34825.93,11049.65,36033.73
31-01-2018,27452.85,35272.5,11027.7,35965.02
01-02-2018,27516.17,35038.45,11016.9,35906.66
02-02-2018,27432.13,34299.93,10760.6,35066.75
05-02-2018,27485.23,34308.08,10666.55,34757.16
06-02-2018,27420.64,34217.38,10498.25,34195.94
07-02-2018,26979.67,33335.82,10476.7,34082.71
08-02-2018,27181.84,33673.36,10576.85,34413.16
09-02-2018,27204.94,33389.29,10454.95,34005.76
12-02-2018,27337.33,34162.38,10539.75,34300.47
13-02-2018,27448.67,34116.05,10539.75,34300.47
14-02-2018,28000.41,34823.38,10500.9,34155.95
15-02-2018,27832.41,34534.75,10545.5,34297.47
16-02-2018,27796.62,34293.87,10452.3,34010.76
19-02-2018,28009.41,34556.4,10378.4,33774.66
20-02-2018,27557.77,34063.54,10360.4,33703.59
21-02-2018,27736.59,34626.95,10397.45,33844.86
22-02-2018,27761.94,34590.8,10382.7,33819.5
23-02-2018,27735.95,34405.78,10491.05,34142.15
26-02-2018,27681.88,34411.49,10582.6,34445.75
27-02-2018,27398.42,34044.44,10554.3,34346.39
28-02-2018,27453.24,34066.64,10492.85,34184.04
01-03-2018,27328.52,33979.74,10458.35,34046.94
02-03-2018,27672.04,34335.03,10458.35,34046.94
05-03-2018,27624.75,34241.2,10358.85,33746.78
06-03-2018,27871.14,34932.97,10249.25,33317.2
07-03-2018,27663.83,34273.11,10154.2,33033.09
08-03-2018,27537.08,34290.44,10242.65,33351.57
09-03-2018,27673.93,34625.9,10226.85,33307.14
12-03-2018,27557.91,34402.48,10421.4,33917.94
13-03-2018,27685.41,34575.96,10426.85,33856.78
14-03-2018,27604.1,34321.7,10410.9,33835.74
15-03-2018,27449.38,34088.67,10360.15,33685.54
16-03-2018,27409.6,33866.41,10195.15,33176.0
19-03-2018,27545.99,34003.64,10094.25,32923.12
20-03-2018,27487.91,33806.92,10124.35,32996.76
21-03-2018,27698.65,34305.05,10155.25,33136.18
22-03-2018,27751.24,34156.66,10114.75,33006.27
23-03-2018,28267.06,34629.41,9998.05,32596.54
26-03-2018,28310.76,34765.55,10130.65,33066.41
27-03-2018,27898.94,34297.0,10184.15,33174.39
28-03-2018,27628.62,33810.74,10113.7,32968.68
29-03-2018,27707.31,33980.62,10113.7,32968.68
30-03-2018,27656.61,33918.45,10113.7,32968.68
02-04-2018,28092.71,34803.48,10211.8,33255.36
03-04-2018,27912.83,34235.52,10245.0,33370.63
04-04-2018,27874.73,33824.04,10128.4,33019.07
05-04-2018,27673.08,34102.89,10325.15,33596.8
06-04-2018,27774.72,34057.87,10331.6,33626.97
09-04-2018,27884.95,34428.93,10379.35,33788.54
10-04-2018,27989.01,34550.36,10402.25,33880.25
11-04-2018,28315.54,34938.85,10417.15,33940.44
12-04-2018,28051.62,34463.0,10458.65,34101.13
13-04-2018,28222.82,34896.56,10480.6,34192.65
16-04-2018,28244.78,34925.01,10528.35,34305.43
17-04-2018,28339.71,35281.59,10548.7,34395.06
18-04-2018,28530.59,36383.26,10526.2,34331.68
19-04-2018,28582.74,36549.75,10565.3,34427.29
20-04-2018,28413.43,36448.35,10564.05,34415.58
23-04-2018,28146.5,35267.72,10584.7,34450.77
24-04-2018,28484.92,35701.36,10614.35,34616.64
25-04-2018,28211.09,35201.94,10570.55,34501.27
26-04-2018,28315.36,35467.87,10617.8,34713.6
27-04-2018,28398.14,35287.42,10692.3,34969.7
30-04-2018,28187.23,34933.15,10739.35,35160.36
01-05-2018,27854.61,34265.99,10739.35,35160.36
02-05-2018,27970.81,34981.77,10718.05,35176.42
03-05-2018,28267.5,35287.47,10679.65,35103.14
04-05-2018,28133.38,35220.84,10618.25,34915.38
07-05-2018,28186.15,35255.25,10715.5,35208.14
08-05-2018,28311.9,35363.98,10717.8,35216.32
09-05-2018,28315.22,35538.16,10741.7,35319.35
10-05-2018,28714.64,36262.88,10716.55,35246.27
11-05-2018,28577.97,36130.87,10806.5,35535.79
14-05-2018,28520.5,35897.05,10806.6,35556.71
15-05-2018,28045.15,35236.5,10801.85,35543.94
16-05-2018,28397.82,35870.35,10741.1,35387.88
17-05-2018,28188.13,35914.59,10682.7,35149.12
18-05-2018,28265.08,35899.85,10596.4,34848.3
21-05-2018,28196.64,35954.97,10516.7,34616.13
22-05-2018,28405.92,36302.93,10536.7,34651.24
23-05-2018,28365.58,35944.83,10430.35,34344.91
24-05-2018,28774.6,36685.02,10513.85,34663.11
25-05-2018,28602.4,36169.42,10605.15,34924.87
28-05-2018,28376.79,35884.14,10688.65,35165.48
29-05-2018,28143.48,35333.76,10633.3,34949.24
30-05-2018,28508.45,36096.1,10614.35,34906.11
31-05-2018,28185.19,35558.3,10736.15,35322.38
01-06-2018,28072.37,35530.59,10696.2,35227.26
04-06-2018,27823.49,35242.51,10628.5,35011.89
05-06-2018,27974.48,35555.07,10593.15,34903.21
06-06-2018,27978.36,35896.69,10684.65,35178.88
07-06-2018,27904.36,36024.06,10768.35,35463.08
08-06-2018,28133.49,36180.61,10767.65,35443.67
11-06-2018,28192.59,36692.25,10786.95,35483.47
12-06-2018,28101.78,36559.87,10842.85,35692.52
13-06-2018,28315.96,37014.45,10856.7,35739.16
14-06-2018,28416.48,37538.51,10808.05,35599.82
15-06-2018,27919.22,36036.96,10817.7,35622.14
18-06-2018,27921.45,35907.13,10799.85,35548.26
19-06-2018,27891.92,35647.69,10710.45,35286.74
20-06-2018,27812.05,35638.02,10772.05,35547.33
21-06-2018,27846.76,35832.49,10741.1,35432.39
22-06-2018,27639.27,35849.93,10821.85,35689.6
25-06-2018,27610.15,35577.3,10762.45,35470.35
26-06-2018,27609.79,35677.84,10769.15,35490.04
27-06-2018,27536.37,35473.29,10671.4,35217.11
28-06-2018,27777.5,35508.8,10589.1,35037.64
29-06-2018,27677.07,35619.88,10714.3,35423.48
02-07-2018,27278.53,34640.52,10657.3,35264.41
03-07-2018,27642.7,35231.41,10699.9,35378.6
04-07-2018,27697.11,35300.75,10769.9,35645.4
05-07-2018,27883.88,35501.88,10749.75,35574.55
06-07-2018,27853.64,35488.24,10772.65,35657.86
09-07-2018,27810.61,35485.55,10852.9,35934.72
10-07-2018,27677.18,35326.04,10947.25,36239.62
11-07-2018,27530.34,34849.31,10948.3,36265.93
12-07-2018,27507.02,35125.03,11023.2,36548.41
13-07-2018,27315.98,34682.65,11018.9,36541.63
16-07-2018,27261.71,34646.87,10936.85,36323.77
17-07-2018,27080.61,34347.32,11008.05,36519.96
18-07-2018,26950.35,34070.89,10980.45,36373.44
19-07-2018,26966.63,33840.65,10957.1,36351.23
20-07-2018,27249.59,34330.72,11010.2,36496.37
23-07-2018,27048.28,33960.62,11084.75,36718.6
24-07-2018,27229.71,34402.57,11134.3,36825.1
25-07-2018,27242.17,34363.54,11132.0,36858.23
26-07-2018,27119.04,34168.27,11167.3,36984.64
27-07-2018,27019.98,34114.21,11278.35,37336.85
30-07-2018,26942.16,34138.21,11319.55,37494.4
31-07-2018,27022.65,34228.25,11356.5,37606.58
01-08-2018,26820.88,33901.03,11346.2,37521.62
02-08-2018,26586.28,33664.39,11244.7,37165.16
03-08-2018,26785.73,33986.25,11360.8,37556.16
06-08-2018,26619.25,33680.43,11387.1,37691.89
07-08-2018,26759.89,33885.69,11389.45,37665.8
08-08-2018,26742.83,33910.43,11450.0,37887.56
09-08-2018,26672.46,33935.36,11470.7,38024.37
10-08-2018,26906.0,33915.2,11429.5,37869.23
13-08-2018,26460.37,33212.62,11355.75,37644.9
14-08-2018,26829.56,33789.96,11435.1,37852.0
15-08-2018,26481.32,32432.03,11435.1,37852.0
16-08-2018,26720.58,33388.23,11385.05,37663.56
17-08-2018,26479.64,32896.42,11470.75,37947.88
20-08-2018,26627.52,32880.54,11551.75,38278.75
21-08-2018,26740.39,33074.59,11570.9,38285.75
22-08-2018,26850.28,33071.87,11570.9,38285.75
23-08-2018,26633.91,32595.69,11582.75,38336.76
24-08-2018,27255.07,33391.58,11557.1,38251.8
27-08-2018,27117.83,33295.04,11691.95,38694.11
28-08-2018,27151.82,33207.79,11738.5,38896.63
29-08-2018,27317.02,33311.12,11691.9,38722.93
30-08-2018,27305.28,33004.8,11676.8,38690.1
31-08-2018,27555.58,33145.66,11680.5,38645.07
03-09-2018,27397.36,32955.35,11582.35,38312.52
04-09-2018,27252.64,32128.73,11520.3,38157.92
05-09-2018,27564.15,32567.63,11476.95,38018.31
06-09-2018,27687.27,32531.79,11536.9,38242.81
07-09-2018,27606.65,32535.42,11589.1,38389.82
10-09-2018,27652.64,32633.83,11438.1,37922.17
11-09-2018,27842.79,32729.37,11287.5,37413.13
12-09-2018,28270.49,33304.12,11369.9,37717.96
13-09-2018,27795.64,32704.96,11369.9,37717.96
14-09-2018,27673.07,32517.59,11515.2,38090.64
17-09-2018,27807.94,32733.5,11377.75,37585.51
18-09-2018,27909.95,32844.56,11278.9,37290.67
19-09-2018,28262.07,33356.39,11234.35,37121.22
20-09-2018,28055.56,33063.32,11234.35,37121.22
21-09-2018,27582.6,32902.2,11143.1,36841.6
24-09-2018,27850.73,33094.36,10967.4,36305.02
25-09-2018,28279.8,33931.04,11067.45,36652.06
26-09-2018,28057.78,33615.29,11053.8,36542.27
27-09-2018,27661.21,33224.8,10977.55,36324.17
28-09-2018,27945.4,34296.74,10930.45,36227.14
01-10-2018,27672.37,33618.98,11008.3,36526.14
02-10-2018,28512.25,34644.37,11008.3,36526.14
03-10-2018,28232.03,34374.14,10858.25,35975.63
04-10-2018,28425.51,34451.57,10599.25,35169.16
05-10-2018,28663.37,34764.96,10316.45,34376.99
08-10-2018,28088.47,33815.72,10348.05,34474.38
09-10-2018,28203.34,34040.24,10301.05,34299.47
10-10-2018,28505.6,34166.93,10460.1,34760.89
11-10-2018,29344.98,34861.41,10234.65,34001.15
12-10-2018,29043.15,34724.94,10472.5,34733.58
15-10-2018,29050.21,34716.23,10512.5,34865.1
16-10-2018,29230.94,34844.67,10584.75,35162.48
17-10-2018,28899.5,34461.18,10453.05,34779.58
18-10-2018,29148.79,34538.88,10453.05,34779.58
19-10-2018,29214.82,34760.7,10303.55,34315.63
22-10-2018,28844.19,34300.3,10245.25,34134.38
23-10-2018,29288.79,34973.67,10146.8,33847.23
24-10-2018,28903.88,34396.04,10224.75,34033.96
25-10-2018,28934.16,34287.37,10124.9,33690.09
26-10-2018,29014.09,34452.02,10030.0,33349.31
29-10-2018,28788.28,33800.66,10250.85,34067.4
30-10-2018,28926.63,34077.39,10198.4,33891.13
31-10-2018,28706.08,33692.89,10386.6,34442.05
01-11-2018,29434.18,35075.73,10380.45,34431.97
02-11-2018,29011.96,34663.97,10553.0,35011.65
05-11-2018,28825.9,34231.05,10524.0,34950.92
06-11-2018,28667.56,33867.91,10530.0,34991.91
07-11-2018,28869.64,34204.71,10598.4,35237.68
08-11-2018,28457.75,33477.24,10598.4,35237.68
09-11-2018,28275.48,33054.46,10585.2,35158.55
12-11-2018,27989.87,32558.93,10482.2,34812.99
13-11-2018,28214.68,32826.15,10582.5,35144.49
14-11-2018,28174.71,32783.8,10576.3,35141.99
15-11-2018,28230.52,33139.67,10616.7,35260.54
16-11-2018,28217.23,33186.68,10682.2,35457.16
19-11-2018,28224.5,33185.88,10763.4,35774.88
20-11-2018,28096.57,32837.73,10656.2,35474.51
21-11-2018,28144.93,33246.74,10600.05,35199.8
22-11-2018,28097.63,33190.87,10526.75,34981.02
23-11-2018,27807.03,32386.88,10526.75,34981.02
26-11-2018,27724.08,32225.1,10628.6,35354.08
27-11-2018,27574.11,32013.47,10685.6,35513.14
28-11-2018,27833.81,32594.32,10728.85,35716.95
29-11-2018,27785.14,32397.46,10858.7,36170.41
30-11-2018,27429.85,31683.03,10876.75,36194.3
03-12-2018,27674.36,32254.23,10883.75,36241.0
04-12-2018,28125.13,32906.7,10869.5,36134.31
05-12-2018,28182.99,32974.39,10782.9,35884.41
06-12-2018,28210.4,32787.95,10601.15,35312.13
07-12-2018,28360.53,33146.42,10693.7,35673.25
10-12-2018,28535.92,33218.87,10488.45,34959.72
11-12-2018,29039.65,33903.36,10549.15,35150.01
12-12-2018,29054.09,34379.74,10737.6,35779.07
13-12-2018,28826.62,34166.51,10791.55,35929.64
14-12-2018,28454.58,33384.1,10805.45,35962.93
17-12-2018,28839.39,33844.79,10888.35,36270.07
18-12-2018,28752.48,33569.88,10908.7,36347.08
19-12-2018,28408.62,33357.05,10967.3,36484.33
20-12-2018,28716.47,33527.54,10951.7,36431.67
21-12-2018,28338.36,32960.46,10754.0,35742.07
24-12-2018,28582.8,33151.54,10663.5,35470.15
25-12-2018,28623.55,33198.8,10663.5,35470.15
26-12-2018,28661.94,33883.06,10729.85,35649.94
27-12-2018,28807.9,34261.4,10779.8,35807.28
28-12-2018,28800.7,34487.04,10859.9,36076.72
31-12-2018,28736.96,34694.32,10862.55,36068.33
01-01-2019,28649.63,34588.88,10862.55,36068.33
02-01-2019,28710.14,34833.17,10792.5,35891.52
03-01-2019,29056.02,35326.98,10672.25,35513.71
04-01-2019,28991.55,35473.8,10727.35,35695.1
07-01-2019,28763.59,35024.61,10771.8,35850.16
08-01-2019,28800.7,35071.68,10802.15,35980.93
09-01-2019,29153.16,35393.97,10855.15,36212.91
10-01-2019,29140.22,35296.26,10821.6,36106.5
11-01-2019,29264.8,35417.44,10794.95,36009.84
14-01-2019,29165.22,35314.55,10737.6,35853.56
15-01-2019,29395.27,35529.38,10886.8,36318.33
16-01-2019,29521.8,35574.28,10890.3,36321.29
17-01-2019,29621.19,35488.07,10905.2,36374.08
18-01-2019,29260.71,35008.72,10906.95,36386.61
21-01-2019,29343.02,35107.2,10961.85,36578.96
22-01-2019,29481.83,35077.06,10922.75,36444.64
23-01-2019,29384.33,35077.53,10831.5,36108.47
24-01-2019,29262.74,34860.89,10849.8,36195.1
25-01-2019,29611.62,35694.16,10780.55,36025.54
28-01-2019,29719.46,35846.35,10661.55,35656.7
29-01-2019,29900.22,36080.48,10652.2,35592.5
30-01-2019,30162.24,36565.87,10651.8,35591.25
31-01-2019,30175.75,36635.28,10830.95,36256.69
01-02-2019,30145.59,36351.43,10893.65,36469.43
04-02-2019,30192.44,36381.16,10912.25,36582.74
05-02-2019,30288.71,36391.63,10934.35,36616.81
06-02-2019,30216.18,36125.58,11062.45,36975.23
07-02-2019,30117.25,36053.76,11069.4,36971.09
08-02-2019,30232.84,36299.2,10943.6,36546.48
11-02-2019,29897.96,35815.79,10888.8,36395.03
12-02-2019,29981.96,35862.93,10831.4,36153.62
13-02-2019,29841.6,35569.51,10831.4,36153.62
14-02-2019,29842.04,35314.67,10746.05,35876.22
15-02-2019,30092.55,35895.99,10724.4,35808.95
18-02-2019,30223.92,36052.7,10640.95,35498.44
19-02-2019,30892.1,36761.16,10604.35,35352.61
20-02-2019,30922.68,37193.31,10735.45,35756.26
21-02-2019,30339.23,36198.47,10789.85,35898.35
22-02-2019,30420.75,36407.86,10791.65,35871.48
25-02-2019,30279.57,36139.55,10880.1,36213.38
26-02-2019,30286.44,36174.13,10835.3,35973.71
27-02-2019,30053.76,35744.29,10806.65,35905.43
28-02-2019,30047.52,35563.56,10792.5,35867.44
01-03-2019,29516.27,34536.59,10863.5,36063.81
04-03-2019,29324.04,34274.52,10863.5,36063.81
05-03-2019,29223.04,34237.91,10987.45,36442.54
06-03-2019,29224.08,34123.19,11053.0,36636.1
07-03-2019,29043.24,33843.82,11058.2,36725.42
08-03-2019,29392.95,34609.8,11035.4,36671.43
11-03-2019,28999.69,34195.24,11168.05,37054.1
12-03-2019,29086.43,34415.46,11301.2,37535.66
13-03-2019,29360.81,34539.09,11341.7,37752.17
14-03-2019,28994.83,33852.71,11343.25,37754.89
15-03-2019,29020.33,34002.69,11426.85,38024.32
18-03-2019,28826.23,33809.8,11462.2,38095.07
19-03-2019,28789.86,33755.84,11532.4,38363.47
20-03-2019,28983.06,33975.15,11521.05,38386.75
21-03-2019,28901.05,34014.78,11521.05,38386.75
22-03-2019,29067.04,34006.84,11456.9,38164.61
25-03-2019,29393.26,34480.77,11354.25,37808.91
26-03-2019,29124.08,34061.2,11483.25,38233.41
27-03-2019,29238.88,34015.67,11445.05,38132.88
28-03-2019,28766.38,33278.27,11570.0,38545.72
29-03-2019,28891.79,33651.22,11570.0,38545.72
01-04-2019,28760.0,33597.24,11669.15,38871.87
02-04-2019,28698.38,33410.25,11713.2,39056.65
03-04-2019,28577.92,33363.43,11643.95,38877.12
04-04-2019,28533.03,33294.44,11598.0,38684.72
05-04-2019,28613.97,33357.1,11665.95,38862.23
08-04-2019,28841.61,33737.86,11604.5,38700.53
09-04-2019,29148.41,33918.15,11671.95,38939.22
10-04-2019,29151.28,33849.87,11584.3,38585.35
11-04-2019,28644.4,32952.4,11596.7,38607.01
12-04-2019,28809.11,33304.82,11643.45,38767.11
15-04-2019,28613.0,33238.04,11690.35,38905.84
16-04-2019,28562.79,33422.01,11787.15,39275.64
17-04-2019,28584.49,33525.32,11787.15,39275.64
18-04-2019,28379.83,33328.84,11752.8,39140.28
19-04-2019,28371.65,33319.23,11752.8,39140.28
22-04-2019,28398.74,33353.75,11594.45,38645.18
23-04-2019,28591.77,33277.09,11575.95,38564.88
24-04-2019,28606.56,33412.81,11726.15,39054.68
25-04-2019,28751.84,33491.23,11641.8,38730.86
26-04-2019,28983.44,33839.96,11754.65,39067.33
29-04-2019,28710.61,33331.79,11754.65,39067.33
30-04-2019,28792.47,33443.07,11748.15,39031.55
01-05-2019,28655.66,32750.28,11748.15,39031.55
02-05-2019,28425.4,32551.42,11724.75,38981.43
03-05-2019,28552.34,33273.11,11712.25,38963.26
06-05-2019,28502.48,33039.04,11598.25,38600.34
07-05-2019,28638.37,33156.69,11497.9,38276.63
08-05-2019,28756.55,33247.37,11359.45,37789.13
09-05-2019,28889.97,33103.6,11301.8,37558.91
10-05-2019,29104.83,33335.75,11278.9,37462.99
13-05-2019,29227.04,33075.72,11148.2,37090.82
14-05-2019,29394.73,33492.78,11222.05,37318.53
15-05-2019,29301.86,33345.75,11157.0,37114.88
16-05-2019,29006.02,32683.13,11257.1,37393.48
17-05-2019,28779.58,32399.33,11407.15,37930.77
20-05-2019,28834.79,32558.62,11828.25,39352.67
21-05-2019,28679.17,32406.11,11709.1,38969.8
22-05-2019,28715.24,32498.55,11737.9,39110.21
23-05-2019,28903.74,32793.41,11657.05,38811.39
24-05-2019,28851.9,32652.34,11844.1,39434.72
27-05-2019,28610.59,32379.25,11924.75,39683.29
28-05-2019,28613.39,32011.58,11928.75,39749.73
29-05-2019,28769.11,32287.18,11861.1,39502.05
30-05-2019,28890.3,32456.98,11945.9,39831.97
31-05-2019,29379.32,32691.18,11922.8,39714.2
03-06-2019,29585.02,32886.42,12088.55,40267.62
04-06-2019,29427.21,32758.18,12021.65,40083.54
05-06-2019,29706.18,32995.93,12021.65,40083.54
06-06-2019,29942.12,33281.95,11843.75,39529.72
07-06-2019,29908.43,33436.26,11870.65,39615.9
10-06-2019,29534.1,32561.75,11922.7,39784.52
11-06-2019,29648.12,32871.33,11965.6,39950.46
12-06-2019,29712.39,32842.25,11906.2,39756.81
13-06-2019,30010.22,33324.53,11914.05,39741.36
14-06-2019,30073.48,33172.61,11823.3,39452.07
17-06-2019,30029.36,33230.38,11672.15,38960.79
18-06-2019,30354.64,33767.46,11691.5,39046.34
19-06-2019,30159.33,33521.59,11691.45,39112.74
20-06-2019,31289.73,34749.14,11831.75,39601.63
21-06-2019,31323.45,34264.66,11724.1,39194.49
24-06-2019,31633.99,34373.98,11699.65,39122.96
25-06-2019,31662.24,34217.78,11796.45,39434.94
26-06-2019,31604.28,34217.07,11847.55,39592.08
27-06-2019,31516.79,34025.33,11841.55,39586.41
28-06-2019,31420.1,33996.66,11788.85,39394.64
01-07-2019,30711.66,33482.28,11865.6,39686.5
02-07-2019,31235.31,33699.27,11910.3,39816.48
03-07-2019,31487.88,33875.51,11916.75,39839.25
04-07-2019,31453.7,33838.74,11946.75,39908.06
05-07-2019,30867.66,32969.41,11811.15,39513.39
08-07-2019,30739.55,32944.35,11558.6,38720.57
09-07-2019,30934.76,33354.21,11555.9,38730.82
10-07-2019,31175.14,33487.69,11498.9,38557.04
11-07-2019,30867.49,33118.31,11582.9,38823.11
12-07-2019,31127.66,33472.33,11552.5,38736.23
15-07-2019,31106.46,33698.29,11588.35,38896.71
16-07-2019,31147.31,34480.42,11662.6,39131.04
17-07-2019,31482.16,35203.4,11687.5,39215.64
18-07-2019,31538.51,35649.73,11596.9,38897.46
19-07-2019,31545.71,35676.25,11419.25,38337.01
22-07-2019,31540.98,36159.37,11346.2,38031.13
23-07-2019,31576.57,36477.27,11331.05,37982.74
24-07-2019,31572.57,36734.06,11271.3,37847.65
25-07-2019,31450.08,36343.65,11252.15,37830.98
26-07-2019,31536.66,36294.4,11284.3,37882.79
29-07-2019,31433.1,36242.39,11189.2,37686.37
30-07-2019,31693.5,36566.02,11085.4,37397.24
31-07-2019,31672.16,36302.72,11118.0,37481.12
01-08-2019,31706.28,35972.76,10980.0,37018.32
02-08-2019,32207.34,36141.92,10997.35,37118.22
05-08-2019,32800.03,36604.97,10862.6,36699.84
06-08-2019,33856.68,37722.01,10948.25,36976.85
07-08-2019,34518.65,39288.92,10855.5,36690.5
08-08-2019,34267.54,38669.67,11032.45,37327.36
09-08-2019,33908.35,38283.4,11109.65,37581.91
12-08-2019,34378.47,38914.15,11109.65,37581.91
13-08-2019,34570.89,39021.7,10925.85,36958.16
14-08-2019,34642.49,39427.85,11029.4,37311.53
15-08-2019,34998.29,39586.11,11029.4,37311.53
16-08-2019,34876.01,39420.84,11047.8,37350.33
19-08-2019,34313.35,38681.42,11053.9,37402.49
20-08-2019,34826.87,39632.17,11017.0,37328.01
21-08-2019,34737.38,39537.26,10918.7,37060.37
22-08-2019,34389.67,39077.39,10741.35,36472.93
23-08-2019,35299.49,40222.37,10829.35,36701.16
26-08-2019,35087.48,40515.09,11057.85,37494.12
27-08-2019,35751.17,42082.44,11105.35,37641.27
28-08-2019,35367.92,42097.44,11046.1,37451.84
29-08-2019,35377.96,42103.59,10948.3,37068.93
30-08-2019,35008.75,41908.64,11023.25,37332.79
02-09-2019,35033.02,41937.7,11023.25,37332.79
03-09-2019,35766.49,44141.85,10797.9,36562.91
04-09-2019,36116.46,45174.11,10844.65,36724.74
05-09-2019,35057.71,43159.34,10847.9,36644.42
06-09-2019,34972.86,41720.38,10946.2,36981.77
09-09-2019,34614.35,41520.17,11003.05,37145.45
10-09-2019,34542.59,41815.93,11003.05,37145.45
11-09-2019,34525.43,41657.39,11035.7,37270.82
12-09-2019,34480.75,41507.12,10982.8,37104.28
13-09-2019,34169.43,39960.98,11075.9,37384.99
16-09-2019,34321.31,40874.58,11003.5,37123.31
17-09-2019,34719.45,41559.08,10817.6,36481.09
18-09-2019,34755.86,41026.91,10840.65,36563.88
19-09-2019,34465.37,40880.48,10704.8,36093.47
20-09-2019,34754.89,40899.77,11274.2,38014.62
23-09-2019,34875.4,42572.85,11600.2,39090.03
24-09-2019,34869.65,42143.55,11588.2,39097.14
25-09-2019,34483.42,41166.5,11440.2,38593.52
26-09-2019,34562.0,40811.81,11571.2,38989.74
27-09-2019,34323.62,40187.33,11512.4,38822.57
30-09-2019,33221.35,38300.77,11474.45,38667.33
01-10-2019,33792.73,39224.19,11359.9,38305.41
02-10-2019,34311.63,40213.87,11359.9,38305.41
03-10-2019,34471.23,40221.39,11314.0,38106.87
04-10-2019,34391.76,40049.89,11174.75,37673.31
07-10-2019,34098.96,39745.32,11126.4,37531.98
08-10-2019,34349.92,40418.28,11126.4,37531.98
09-10-2019,34481.48,40587.45,11313.3,38177.95
10-10-2019,34318.89,40223.91,11234.55,37880.4
11-10-2019,33836.1,39849.33,11305.05,38127.08
14-10-2019,34009.84,40204.43,11341.15,38214.47
15-10-2019,33944.18,39760.83,11428.3,38506.09
16-10-2019,34330.21,40031.14,11464.0,38598.99
17-10-2019,34362.25,40379.03,11586.35,39052.06
18-10-2019,34173.34,40189.61,11661.85,39298.38
21-10-2019,33853.09,40023.55,11661.85,39298.38
22-10-2019,33872.83,39862.36,11588.35,38963.84
23-10-2019,34045.92,40028.35,11604.1,39058.83
24-10-2019,34078.09,40330.33,11582.6,39020.39
25-10-2019,34320.73,40880.47,11583.9,39058.06
28-10-2019,33930.84,40571.26,11583.9,39058.06
29-10-2019,33817.1,40414.51,11786.85,39831.84
30-10-2019,34029.92,40600.26,11844.1,40051.87
31-10-2019,34495.91,41114.82,11877.45,40129.05
01-11-2019,34408.62,41080.42,11890.6,40165.03
04-11-2019,34186.61,40838.04,11941.3,40301.96
05-11-2019,33802.27,39983.83,11917.2,40248.23
06-11-2019,33966.53,40020.43,11966.05,40469.78
07-11-2019,33423.34,38737.47,12012.05,40653.74
08-11-2019,33534.03,38513.76,11908.15,40323.61
11-11-2019,33400.93,38465.57,11913.45,40345.08
12-11-2019,33415.11,38376.4,11913.45,40345.08
13-11-2019,33732.83,38996.88,11840.45,40116.06
14-11-2019,34136.98,39460.01,11872.1,40286.48
15-11-2019,33945.0,39173.36,11895.45,40356.69
18-11-2019,33910.06,39157.14,11884.5,40284.19
19-11-2019,34074.0,39555.26,11940.1,40469.7
20-11-2019,34034.16,39502.08,11999.1,40651.64
21-11-2019,33759.59,39341.19,11968.4,40575.17
22-11-2019,33746.56,39176.09,11914.4,40359.41
25-11-2019,33616.35,38935.98,12073.75,40889.23
26-11-2019,33641.81,39246.48,12037.7,40821.3
27-11-2019,33376.99,38838.01,12100.7,41020.61
28-11-2019,33283.39,38729.1,12151.15,41130.17
29-11-2019,33713.23,39033.83,12056.05,40793.81
02-12-2019,33719.88,38822.94,12048.2,40802.17
03-12-2019,34039.95,39435.4,11994.2,40675.45
04-12-2019,34101.99,38861.0,12043.2,40850.29
05-12-2019,33941.21,38935.06,12018.4,40779.59
06-12-2019,33487.53,37825.23,11921.5,40445.15
09-12-2019,33446.04,37890.08,11937.5,40487.43
10-12-2019,33368.1,37862.5,11856.8,40239.88
11-12-2019,33546.76,38226.96,11910.15,40412.57
12-12-2019,33352.75,38305.53,11971.8,40581.71
13-12-2019,33474.77,38365.78,12086.7,41009.71
16-12-2019,33522.39,38679.15,12053.95,40938.72
17-12-2019,33623.05,38712.34,12165.0,41352.17
18-12-2019,33716.87,38815.85,12221.65,41558.57
19-12-2019,33738.11,38932.81,12259.7,41673.92
20-12-2019,33768.61,39220.77,12271.8,41681.54
23-12-2019,33852.51,39739.31,12262.75,41642.66
24-12-2019,34321.55,40654.25,12214.55,41461.26
25-12-2019,34441.71,40796.57,12214.55,41461.26
26-12-2019,34714.87,41157.35,12126.55,41163.76
27-12-2019,34701.71,40916.3,12245.8,41575.14
30-12-2019,34723.95,41058.86,12255.85,41558.0
31-12-2019,34837.6,40874.29,12168.45,41253.74
01-01-2020,34820.41,40854.11,12182.5,41253.74
02-01-2020,34812.06,41025.48,12282.2,41626.64
03-01-2020,35570.34,41484.95,12226.65,41464.61
06-01-2020,36119.79,41735.4,11993.05,40676.63
07-01-2020,36277.24,42273.43,12052.95,40869.47
08-01-2020,36131.65,41964.12,12025.35,40817.74
09-01-2020,35626.19,41005.6,12215.9,41452.35
10-01-2020,35650.39,41276.63,12256.8,41599.72
13-01-2020,35321.98,40892.65,12329.55,41859.69
14-01-2020,35069.02,40184.76,12362.3,41952.63
15-01-2020,35352.54,40823.63,12343.3,41872.73
16-01-2020,35218.63,40641.25,12355.5,41932.56
17-01-2020,35555.51,41086.83,12352.35,41945.37
20-01-2020,35600.17,41138.43,12224.55,41528.91
21-01-2020,35543.5,40537.95,12169.85,41323.81
22-01-2020,35587.89,40663.04,12106.9,41115.38
23-01-2020,35754.46,40615.11,12180.35,41386.4
24-01-2020,36025.69,41405.12,12248.25,41613.19
27-01-2020,36158.42,41276.73,12119.0,41155.12
28-01-2020,36042.16,39969.77,12055.8,40966.86
29-01-2020,35950.16,39918.92,12129.5,41198.66
30-01-2020,36299.34,41152.24,12035.8,40913.82
31-01-2020,36458.61,41394.54,11962.1,40723.49
03-02-2020,36254.56,40548.46,11707.9,39872.31
04-02-2020,35547.6,40188.23,11979.65,40789.38
05-02-2020,35610.03,40161.29,12089.15,41142.66
06-02-2020,35817.16,40709.95,12137.95,41306.03
07-02-2020,36043.51,40590.88,12098.35,41141.85
10-02-2020,36206.71,40830.56,12031.5,40979.62
11-02-2020,35878.94,40272.13,12107.9,41216.14
12-02-2020,35917.82,40051.78,12201.2,41565.9
13-02-2020,36104.85,40343.18,12174.65,41459.79
14-02-2020,36264.97,40591.01,12113.45,41257.74
17-02-2020,36390.3,40731.29,12045.8,41055.69
18-02-2020,36702.88,41591.25,11992.5,40894.38
19-02-2020,36991.62,42093.36,12125.9,41323.0
20-02-2020,37332.27,42281.12,12080.85,41170.12
21-02-2020,38128.25,42938.91,12080.85,41170.12
24-02-2020,38652.75,43607.99,11829.4,40363.23
25-02-2020,38148.05,42118.29,11797.9,40281.2
26-02-2020,37895.06,41190.08,11678.5,39888.96
27-02-2020,37786.12,40684.6,11633.3,39745.66
28-02-2020,36171.43,37896.63,11201.75,38297.29
02-03-2020,36936.21,38689.88,11132.75,38144.02
03-03-2020,38447.77,40105.46,11303.3,38623.7
04-03-2020,38697.14,40526.95,11251.0,38409.48
05-03-2020,39669.02,41283.01,11269.0,38470.61
06-03-2020,39673.09,40874.59,10989.45,37576.62
09-03-2020,39836.42,40445.45,10451.45,35634.95
10-03-2020,39689.13,40442.68,10451.45,35634.95
11-03-2020,39159.64,39911.15,10458.4,35697.4
12-03-2020,38200.26,38363.7,9590.15,32778.14
13-03-2020,36694.36,34997.27,9955.2,34103.48
16-03-2020,35306.01,30347.15,9197.4,31390.07
17-03-2020,36846.0,30128.71,8967.05,30579.09
18-03-2020,35153.15,27924.06,8468.8,28869.51
19-03-2020,35645.01,29162.57,8263.45,28288.23
20-03-2020,35859.98,29840.62,8745.45,29915.96
23-03-2020,38098.58,32154.04,7610.25,25981.24
24-03-2020,40836.35,34999.43,7801.05,26674.03
25-03-2020,40545.79,36854.61,8317.85,28535.78
26-03-2020,40237.51,35699.49,8641.45,29946.77
27-03-2020,39013.94,34831.21,8660.25,29815.59
30-03-2020,39353.87,34147.13,8281.1,28440.32
31-03-2020,38384.25,34175.9,8597.75,29468.49
01-04-2020,38220.13,33725.36,8253.8,28265.31
02-04-2020,40543.87,36401.45,8253.8,28265.31
03-04-2020,40517.53,35802.85,8083.8,27590.95
06-04-2020,41100.78,37034.82,8083.8,27590.95
07-04-2020,40659.88,37665.58,8792.2,30067.21
08-04-2020,41046.72,37332.45,8748.75,29893.96
09-04-2020,42400.41,39062.01,9111.9,31159.62
10-04-2020,42786.13,39417.35,9111.9,31159.62
13-04-2020,42726.83,37905.13,8993.85,30690.02
14-04-2020,43438.17,39741.46,8993.85,30690.02
15-04-2020,42165.07,37709.81,8925.3,30379.81
16-04-2020,42707.89,38636.69,8992.8,30602.61
17-04-2020,42127.52,38000.06,9266.75,31588.72
20-04-2020,41884.22,38290.49,9261.85,31648.0
21-04-2020,41658.95,36783.6,8981.45,30636.71
22-04-2020,42778.82,37804.83,9187.3,31379.55
23-04-2020,42575.35,37699.55,9313.9,31863.08
24-04-2020,42347.09,37479.69,9154.4,31327.22
27-04-2020,41978.97,37275.67,9282.3,31743.08
28-04-2020,41897.78,37138.51,9380.9,32114.52
29-04-2020,41876.5,37269.45,9553.35,32720.16
30-04-2020,40751.19,36047.45,9859.9,33717.62
01-05-2020,41251.83,36183.3,9859.9,33717.62
04-05-2020,41488.13,35783.48,9293.5,31715.35
05-05-2020,41564.08,36718.51,9205.6,31453.51
06-05-2020,41244.75,36702.0,9270.9,31685.75
07-05-2020,42155.19,38100.77,9199.05,31443.38
08-05-2020,41824.65,38500.49,9251.5,31642.7
11-05-2020,41165.02,37967.1,9239.2,31561.22
12-05-2020,41816.15,38486.85,9196.55,31371.12
13-05-2020,41702.08,38110.72,9383.55,32008.61
14-05-2020,42149.08,39129.94,9142.75,31122.89
15-05-2020,42553.25,41368.92,9136.85,31097.73
18-05-2020,42215.56,42571.46,8823.25,30028.98
19-05-2020,42394.52,43488.29,8879.1,30196.17
20-05-2020,42775.15,43987.11,9066.55,30818.61
21-05-2020,41917.98,42234.71,9106.25,30932.9
22-05-2020,42175.07,42948.25,9039.25,30672.59
25-05-2020,42375.84,43152.7,9039.25,30672.59
26-05-2020,41716.34,42981.44,9029.05,30609.3
27-05-2020,41691.46,43112.63,9314.95,31605.22
28-05-2020,41935.35,43800.45,9490.1,32200.59
29-05-2020,42418.06,45033.63,9580.3,32424.1
01-06-2020,42190.41,45565.06,9826.15,33303.52
02-06-2020,42004.76,44329.97,9979.1,33825.53
03-06-2020,40975.07,43250.93,10061.55,34109.54
04-06-2020,41749.13,43777.2,10029.1,33980.7
05-06-2020,40682.86,42335.71,10142.15,34287.24
08-06-2020,41233.88,43382.62,10167.45,34370.58
09-06-2020,41691.22,43215.71,10046.65,33956.69
10-06-2020,41593.73,43154.73,10116.15,34247.05
11-06-2020,42251.06,43590.31,9902.0,33538.37
12-06-2020,42471.53,42886.59,9972.9,33780.89
15-06-2020,42010.9,42440.7,9813.7,33228.8
16-06-2020,42249.79,43070.56,9914.0,33605.22
17-06-2020,42616.4,43762.4,9881.15,33507.92
18-06-2020,42449.74,43052.72,10091.65,34208.05
19-06-2020,42885.06,43801.28,10244.4,34731.73
22-06-2020,43066.59,43851.09,10311.2,34911.32
23-06-2020,43180.74,43984.85,10471.0,35430.43
24-06-2020,42923.9,42923.9,10305.3,34868.98
25-06-2020,43039.16,43679.09,10288.9,34842.1
26-06-2020,43048.02,43771.76,10383.0,35171.27
29-06-2020,43149.52,43713.57,10312.4,34961.52
30-06-2020,43638.24,45125.3,10302.1,34915.8
01-07-2020,43184.85,44161.45,10430.05,35414.45
02-07-2020,43278.62,44258.69,10551.7,35843.7
03-07-2020,42857.67,43828.22,10607.35,36021.42
06-07-2020,42941.8,44428.01,10763.65,36487.28
07-07-2020,43277.16,44682.8,10799.65,36674.52
08-07-2020,43850.22,46086.81,10705.75,36329.01
09-07-2020,43349.45,45493.8,10813.45,36737.69
10-07-2020,43556.67,45981.33,10768.05,36594.33
13-07-2020,43761.04,47624.86,10802.7,36693.69
14-07-2020,43921.06,47183.73,10607.35,36033.06
15-07-2020,44013.26,47830.47,10618.2,36051.81
16-07-2020,43444.39,47091.53,10739.95,36471.68
17-07-2020,43705.1,47577.0,10901.7,37020.14
20-07-2020,43726.95,48458.68,11022.2,37418.99
21-07-2020,44419.98,51828.93,11162.25,37930.33
22-07-2020,44811.31,55489.48,11132.6,37871.52
23-07-2020,45442.66,55194.63,11215.45,38140.47
24-07-2020,45632.16,54855.76,11194.15,38128.9
27-07-2020,46413.2,58830.11,11131.8,37934.73
28-07-2020,46892.67,58512.75,11300.55,38492.95
29-07-2020,47161.39,58648.15,11202.85,38071.13
30-07-2020,46729.39,56153.21,11102.15,37736.07
31-07-2020,47322.8,58319.3,11073.45,37606.89
03-08-2020,47354.32,58747.29,10891.6,36939.6
04-08-2020,48467.38,62998.87,11095.25,37687.91
05-08-2020,49139.29,65024.7,11101.65,37663.33
06-08-2020,49390.25,68342.23,11200.15,38025.45
07-08-2020,48404.91,66301.8,11214.05,38040.57
10-08-2020,48830.62,70551.61,11270.15,38182.08
11-08-2020,46663.03,62866.89,11322.5,38407.01
12-08-2020,46594.15,62502.0,11308.4,38369.63
13-08-2020,47038.65,66575.79,11300.45,38310.49
14-08-2020,46725.68,62875.83,11178.4,37877.34
17-08-2020,47802.39,66569.35,11247.1,38050.78
18-08-2020,48211.65,67634.72,11385.35,38528.32
19-08-2020,47101.15,65684.79,11408.4,38614.79
20-08-2020,46609.19,65370.49,11312.2,38220.39
21-08-2020,46649.06,64398.67,11371.6,38434.72
24-08-2020,46434.28,64044.95,11466.45,38799.08
25-08-2020,45730.56,62799.98,11472.25,38843.88
26-08-2020,46454.6,65659.29,11549.6,39073.92
27-08-2020,45866.18,64469.48,11559.25,39113.47
28-08-2020,46598.45,65488.3,11647.6,39467.31
31-08-2020,46260.82,66859.07,11387.5,38628.29
01-09-2020,46617.71,67470.39,11470.25,38900.8
02-09-2020,45568.37,64190.06,11535.0,39086.03
03-09-2020,45394.86,62960.76,11527.45,38990.94
04-09-2020,45431.07,62756.69,11333.85,38357.18
07-09-2020,45333.58,62622.03,11355.05,38417.23
08-09-2020,45771.56,63611.33,11317.35,38365.35
09-09-2020,46134.13,63945.36,11278.0,38193.92
10-09-2020,46210.72,64232.01,11449.25,38840.32
11-09-2020,45808.77,63209.86,11464.45,38854.55
14-09-2020,46139.87,64325.57,11440.05,38756.63
15-09-2020,46301.26,64721.89,11521.8,39044.35
16-09-2020,46510.16,64905.9,11604.55,39302.85
17-09-2020,45875.37,63811.7,11516.1,38979.85
18-09-2020,46182.15,63941.97,11504.95,38845.82
21-09-2020,44948.14,57447.66,11250.55,38034.14
22-09-2020,44914.15,57821.11,11153.65,37734.08
23-09-2020,43952.72,54386.14,11131.85,37668.42
24-09-2020,44316.65,54836.6,10805.55,36553.6
25-09-2020,44007.88,54525.99,11050.25,37388.66
28-09-2020,44375.76,55749.3,11227.55,37981.63
29-09-2020,45053.11,57984.21,11222.4,37973.22
30-09-2020,44812.49,55633.97,11247.55,38067.93
01-10-2020,45222.8,57329.45,11416.95,38697.05
02-10-2020,44730.35,56427.29,11416.95,38697.05
05-10-2020,45084.7,57760.28,11503.35,38973.7
06-10-2020,44685.1,56106.11,11662.4,39574.57
07-10-2020,44701.73,56596.25,11738.85,39878.95
08-10-2020,44654.93,56361.31,11834.6,40182.67
09-10-2020,45223.86,59063.14,11914.2,40509.49
12-10-2020,45130.31,59217.54,11930.95,40593.8
13-10-2020,44536.17,56801.6,11934.5,40625.51
14-10-2020,45002.59,57668.08,11971.05,40794.74
15-10-2020,44849.43,57011.48,11680.35,39728.41
16-10-2020,44838.59,57484.82,11762.45,39982.98
19-10-2020,45015.31,58221.91,11873.05,40431.6
20-10-2020,45190.34,58988.25,11896.8,40544.37
21-10-2020,45571.1,59662.01,11937.65,40707.31
22-10-2020,45035.32,58429.14,11896.45,40558.49
23-10-2020,45080.31,58369.76,11930.35,40685.5
26-10-2020,45159.85,57855.49,11767.75,40145.5
27-10-2020,45381.71,58310.55,11889.4,40522.1
28-10-2020,44520.08,55345.19,11729.6,39922.46
29-10-2020,44649.44,55857.27,11670.8,39749.85
30-10-2020,44825.61,56388.97,11642.4,39614.07
02-11-2020,45310.13,57538.88,11669.15,39757.58
03-11-2020,45686.47,58182.33,11813.5,40261.13
04-11-2020,45474.82,57279.17,11908.5,40616.14
05-11-2020,46519.37,60193.23,12120.3,41340.16
06-11-2020,46475.91,61114.76,12263.55,41893.06
09-11-2020,44078.47,56334.91,12461.05,42597.43
10-11-2020,44590.46,58124.05,12631.1,43277.65
11-11-2020,44437.4,57916.45,12749.15,43593.67
12-11-2020,44895.23,58234.82,12690.8,43357.19
13-11-2020,45388.15,59594.06,12719.95,43443.0
16-11-2020,45197.73,59358.38,12719.95,43443.0
17-11-2020,45088.5,58941.64,12874.2,43952.71
18-11-2020,44862.42,58506.72,12938.25,44180.05
19-11-2020,44529.77,57502.76,12771.7,43599.96
20-11-2020,44612.03,58005.64,12859.05,43882.25
23-11-2020,43820.07,56328.51,12926.45,44077.15
24-11-2020,43081.1,55598.68,13055.15,44523.02
25-11-2020,42937.65,55538.12,12858.4,43828.1
26-11-2020,42832.63,55402.28,12987.0,44259.74
27-11-2020,42422.12,53692.47,12968.95,44149.72
30-11-2020,42212.92,53569.07,12968.95,44149.72
01-12-2020,43174.95,57197.71,13109.05,44655.44
02-12-2020,43233.73,56892.72,13113.75,44618.04
03-12-2020,43501.07,57045.42,13133.9,44632.65
04-12-2020,43599.17,57477.56,13258.55,45079.55
07-12-2020,44169.59,58695.87,13355.75,45426.97
08-12-2020,44521.27,58742.94,13392.95,45608.51
09-12-2020,43486.6,56722.69,13529.1,46103.5
10-12-2020,43585.87,57123.26,13478.3,45959.88
11-12-2020,43610.04,56964.69,13513.85,46099.01
14-12-2020,43353.57,56862.0,13558.15,46253.46
15-12-2020,43985.72,58371.37,13567.85,46263.17
16-12-2020,44016.16,59250.25,13682.7,46666.46
17-12-2020,44666.79,61774.23,13740.7,46890.34
18-12-2020,44578.66,61344.42,13760.55,46960.69
21-12-2020,44469.59,62184.54,13328.4,45553.96
22-12-2020,44370.48,60458.53,13466.3,46006.69
23-12-2020,44764.76,61663.47,13601.1,46444.18
24-12-2020,44628.91,61275.44,13749.25,46973.54
25-12-2020,44458.47,61041.42,13749.25,46973.54
28-12-2020,44473.8,62687.88,13873.2,47353.75
29-12-2020,44445.95,61803.91,13932.6,47613.08
30-12-2020,44657.63,62553.75,13981.95,47746.22
31-12-2020,44512.7,61914.77,13981.75,47751.33
01-01-2021,44485.43,61876.84,14018.5,47868.98
04-01-2021,45699.72,64116.38,14132.9,48176.8
05-01-2021,46030.85,64992.92,14199.5,48437.78
06-01-2021,44984.81,63630.78,14146.25,48174.06
07-01-2021,45103.1,64153.34,14137.35,48093.32
08-01-2021,43309.4,58046.55,14347.25,48782.51
11-01-2021,43632.24,59539.04,14484.75,49269.32
12-01-2021,43557.2,59995.44,14563.45,49517.11
13-01-2021,43602.41,60030.94,14564.85,49492.32
14-01-2021,43527.7,60566.61,14595.6,49584.16
15-01-2021,42985.28,58334.31,14433.7,49034.67
18-01-2021,43027.27,58391.29,14281.3,48564.27
19-01-2021,43284.75,59483.29,14521.15,49398.29
20-01-2021,43907.88,60556.59,14644.7,49792.12
21-01-2021,43725.24,60530.38,14590.35,49624.76
22-01-2021,43526.46,59867.94,14371.9,48878.54
25-01-2021,43532.14,59739.65,14238.9,48347.59
26-01-2021,43418.16,59892.05,14238.9,48347.59
27-01-2021,43252.43,59492.31,13967.5,47409.93
28-01-2021,43157.52,60839.45,13817.55,46874.36
29-01-2021,43319.87,63081.49,13634.6,46285.77
01-02-2021,43617.18,68908.96,14281.2,48600.61
02-02-2021,43032.42,62024.99,14647.85,49797.72
03-02-2021,42952.51,63010.46,14789.95,50255.75
04-02-2021,41903.89,61425.78,14895.65,50614.29
05-02-2021,42470.29,63354.82,14924.25,50731.63
08-02-2021,42868.03,64516.16,15115.8,51348.77
09-02-2021,43033.21,64236.79,15109.3,51329.08
10-02-2021,43113.1,63416.49,15106.5,51309.39
11-02-2021,42717.42,63300.16,15173.3,51531.52
12-02-2021,42582.9,63872.02,15163.3,51544.3
15-02-2021,42515.73,63771.26,15314.7,52154.13
16-02-2021,41971.6,63800.48,15313.45,52104.17
17-02-2021,41530.78,64049.0,15208.9,51703.83
18-02-2021,41506.21,63373.38,15118.95,51324.69
19-02-2021,41452.82,63614.83,14981.75,50889.76
22-02-2021,42143.68,65507.34,14675.7,49744.32
23-02-2021,42026.8,64484.26,14707.8,49751.41
24-02-2021,41801.77,64822.53,14982.0,50781.69
25-02-2021,41302.96,64331.03,15097.35,51039.31
26-02-2021,40642.42,62093.71,14529.15,49099.99
01-03-2021,40757.16,63051.15,14761.55,49849.84
02-03-2021,40848.33,63284.16,14919.1,50296.89
03-03-2021,40411.2,62095.15,15245.6,51444.65
04-03-2021,39838.56,59596.16,15080.75,50846.08
05-03-2021,39924.09,59385.32,14938.1,50405.32
08-03-2021,39447.65,59346.65,14956.2,50441.07
09-03-2021,40470.81,61646.9,15098.4,51025.48
10-03-2021,40279.65,61073.45,15174.8,51279.51
11-03-2021,40259.66,61155.04,15174.8,51279.51
12-03-2021,40157.17,60440.1,15030.95,50792.08
15-03-2021,40401.15,61348.34,14929.5,50395.08
16-03-2021,40347.57,60556.33,14910.45,50363.96
17-03-2021,40259.15,60687.14,14721.3,49801.62
18-03-2021,40262.52,61179.41,14557.85,49216.52
19-03-2021,40685.31,61427.48,14744.0,49858.24
22-03-2021,40453.81,59921.82,14736.4,49771.29
23-03-2021,40135.27,58642.6,14814.75,50051.44
24-03-2021,40455.18,58832.65,14549.4,49180.31
25-03-2021,40286.94,58441.64,14324.9,48440.12
26-03-2021,40439.17,58578.67,14507.3,49008.5
29-03-2021,39878.77,57641.49,14507.3,49008.5
30-03-2021,39381.48,56411.94,14845.1,50136.58
31-03-2021,40468.32,57892.51,14690.7,49509.15
01-04-2021,40633.99,58685.7,14867.35,50029.83
02-04-2021,40680.51,58752.88,14867.35,50029.83
05-04-2021,40741.54,58418.23,14637.8,49159.32
06-04-2021,41029.58,59399.24,14683.5,49201.39
07-04-2021,41114.36,59619.48,14819.05,49661.76
08-04-2021,42023.78,61162.68,14873.8,49746.21
09-04-2021,41781.0,60661.9,14834.85,49591.32
12-04-2021,41593.97,59712.05,14310.8,47883.38
13-04-2021,42101.17,61280.81,14504.8,48544.06
14-04-2021,41934.99,61673.36,14504.8,48544.06
15-04-2021,42584.01,62609.64,14581.45,48803.68
16-04-2021,42741.22,62703.94,14617.85,48832.03
19-04-2021,42417.17,61923.69,14359.45,47949.42
20-04-2021,42786.54,62194.92,14296.4,47705.8
21-04-2021,43476.69,64440.0,14296.4,47705.8
22-04-2021,43196.14,63474.95,14406.15,48080.67
23-04-2021,42901.3,62956.5,14341.35,47878.45
26-04-2021,42826.51,63091.59,14485.0,48386.51
27-04-2021,42767.21,63530.24,14653.05,48944.14
28-04-2021,42514.98,62532.89,14864.55,49733.84
29-04-2021,42243.09,62245.3,14894.9,49765.94
30-04-2021,42106.93,61596.24,14631.1,48782.36
03-05-2021,42674.79,64183.7,14634.15,48718.52
04-05-2021,42156.26,63001.75,14496.5,48253.51
05-05-2021,42319.68,62863.98,14617.85,48677.55
06-05-2021,43076.47,65159.25,14724.8,48949.76
07-05-2021,43338.17,64996.61,14823.15,48949.76
10-05-2021,43297.71,64749.81,14942.35,49502.41
11-05-2021,43383.78,65355.7,14850.75,49161.81
12-05-2021,42996.3,64239.68,14696.5,48690.8
13-05-2021,43204.34,64065.03,14696.5,48690.8
14-05-2021,43398.49,64588.87,14677.8,48732.55
17-05-2021,43997.76,66579.75,14923.15,49580.73
18-05-2021,43999.31,66698.59,15108.1,50193.33
19-05-2021,44231.74,65850.34,15030.15,49902.64
20-05-2021,44300.79,66039.2,14906.05,49564.86
21-05-2021,44059.44,64498.59,15175.3,50540.48
24-05-2021,44176.99,65370.04,15197.7,50651.9
25-05-2021,44448.78,65655.68,15208.45,50637.53
26-05-2021,44504.34,65196.41,15301.45,51017.52
27-05-2021,44292.56,65232.05,15337.85,51115.22
28-05-2021,44457.86,65414.4,15435.65,51422.88
31-05-2021,44280.78,65153.85,15582.8,51937.44
01-06-2021,44347.42,65447.92,15574.85,51934.88
02-06-2021,44680.19,66021.27,15576.2,51849.48
03-06-2021,43896.15,64417.93,15690.35,52232.43
04-06-2021,44380.55,65471.75,15670.25,52100.05
07-06-2021,44462.91,65637.18,15751.65,52328.51
08-06-2021,44294.07,64877.4,15740.1,52275.57
09-06-2021,44418.46,65658.7,15635.35,51941.64
10-06-2021,44448.0,65738.09,15737.75,52300.47
11-06-2021,44070.09,66034.71,15799.35,52474.76
14-06-2021,43886.96,65981.12,15811.85,52551.53
15-06-2021,43633.0,65123.63,15869.25,52773.05
16-06-2021,43848.63,65554.82,15767.55,52501.98
17-06-2021,42101.14,61340.73,15691.4,52323.33
18-06-2021,42205.4,61970.01,15683.35,52344.45
21-06-2021,42474.22,62014.08,15746.5,52574.46
22-06-2021,42338.15,61608.76,15772.75,52588.71
23-06-2021,42594.04,62393.83,15686.95,52306.08
24-06-2021,42385.23,62176.62,15790.45,52699.0
25-06-2021,42376.77,62212.71,15860.35,52925.04
28-06-2021,42461.31,62556.23,15814.7,52735.59
29-06-2021,42101.5,61790.9,15748.45,52549.66
30-06-2021,42293.82,62492.53,15721.5,52482.71
01-07-2021,42463.25,62347.5,15680.0,52318.6
02-07-2021,42723.17,63466.41,15722.2,52484.67
05-07-2021,42686.95,63412.61,15834.35,52880.0
06-07-2021,42853.4,62491.66,15818.25,52861.18
07-07-2021,43302.35,62760.17,15879.65,53054.76
08-07-2021,43290.82,62465.69,15727.9,52568.94
09-07-2021,43482.51,62967.96,15689.8,52386.19
12-07-2021,43240.38,62787.75,15692.6,52372.69
13-07-2021,43363.56,62586.46,15812.35,52769.73
14-07-2021,43789.51,62999.48,15853.95,52904.05
15-07-2021,43776.23,63148.01,15924.2,53158.85
16-07-2021,43483.05,61772.53,15923.4,53140.06
19-07-2021,43399.18,60289.03,15752.4,52553.4
20-07-2021,43662.5,60221.89,15632.1,52198.51
21-07-2021,43199.26,60472.74,15632.1,52198.51
22-07-2021,43199.21,60706.26,15824.05,52837.21
23-07-2021,43119.89,60364.01,15856.05,52975.8
26-07-2021,43053.46,60545.8,15824.45,52852.27
27-07-2021,42980.39,58832.62,15746.45,52578.76
28-07-2021,43103.5,59537.69,15709.4,52443.71
29-07-2021,43796.7,61619.6,15778.45,52653.07
30-07-2021,43271.42,60941.9,15763.05,52586.84
02-08-2021,43477.02,61115.56,15885.15,52950.63
03-08-2021,43258.3,61098.38,16130.75,53823.36
04-08-2021,43199.41,60715.39,16258.8,54369.77
05-08-2021,43052.91,60287.44,16294.6,54492.84
06-08-2021,41919.53,57906.12,16238.2,54277.72
09-08-2021,41274.64,55694.66,16258.25,54402.85
10-08-2021,41389.96,55967.91,16280.1,54554.66
11-08-2021,41889.82,56176.97,16282.25,54525.93
12-08-2021,41669.34,55046.89,16364.4,54843.98
13-08-2021,42383.21,56746.52,16529.1,55437.29
16-08-2021,42637.68,56742.06,16563.05,55582.58
17-08-2021,42545.4,56364.91,16614.6,55792.27
18-08-2021,42595.82,55975.15,16568.85,55629.49
19-08-2021,42508.14,55445.4,16568.85,55629.49
20-08-2021,42618.57,55289.28,16450.5,55329.32
23-08-2021,43075.72,56493.88,16496.45,55555.79
24-08-2021,43019.51,56919.36,16624.6,55958.98
25-08-2021,42627.3,56665.56,16634.65,55944.21
26-08-2021,42696.84,56095.29,16636.9,55949.1
27-08-2021,43310.84,57363.15,16705.2,56124.72
30-08-2021,42746.14,56616.77,16931.05,56889.76
31-08-2021,42838.08,56550.99,17132.2,57552.39
01-09-2021,42551.61,56740.96,17076.25,57338.21
02-09-2021,42441.6,56023.3,17234.15,57852.54
03-09-2021,43003.27,58159.75,17323.6,58129.95
06-09-2021,42968.07,58112.14,17377.8,58296.91
07-09-2021,42213.37,57198.07,17362.1,58279.48
08-09-2021,42252.57,56657.66,17353.5,58250.26
09-09-2021,42641.01,57252.44,17369.25,58305.07
10-09-2021,42311.54,56400.42,17369.25,58305.07
13-09-2021,42360.39,56148.79,17355.3,58177.76
14-09-2021,42670.18,56371.82,17380.0,58247.09
15-09-2021,42442.75,56259.61,17519.45,58723.2
16-09-2021,41427.63,53719.45,17629.5,59141.16
17-09-2021,41376.22,52731.39,17585.15,59015.89
20-09-2021,41743.82,52512.67,17396.9,58490.93
21-09-2021,42059.09,53457.19,17562.0,59005.27
22-09-2021,42152.04,54256.48,17546.65,58927.33
23-09-2021,41510.2,53777.77,17822.95,59885.36
24-09-2021,41538.07,53149.36,17853.2,60048.47
27-09-2021,41529.95,53768.23,17855.1,60077.88
28-09-2021,41199.88,53238.47,17748.6,59667.6
29-09-2021,41047.54,51166.96,17711.3,59413.27
30-09-2021,41943.03,52619.35,17618.15,59126.36
01-10-2021,41945.47,53738.9,17532.05,58765.58
04-10-2021,42107.01,53922.34,17691.25,59299.32
05-10-2021,42187.66,54141.95,17822.3,59744.88
06-10-2021,42203.81,53952.79,17646.0,59189.73
07-10-2021,42252.71,54398.05,17790.35,59677.83
08-10-2021,42253.78,54562.06,17895.2,60059.06
11-10-2021,42481.28,54814.56,17945.95,60135.78
12-10-2021,42625.59,54523.8,17991.95,60284.31
13-10-2021,43530.65,56179.47,18161.75,60737.05
14-10-2021,43500.87,56790.58,18338.55,61305.95
15-10-2021,42609.76,56247.2,18338.55,61305.95
18-10-2021,42558.08,56050.39,18477.05,61765.59
19-10-2021,42806.87,57719.25,18418.75,61716.05
20-10-2021,43089.0,58988.05,18266.6,61259.96
21-10-2021,42840.91,58084.89,18178.1,60923.5
22-10-2021,43217.3,58800.08,18114.9,60821.62
25-10-2021,43544.53,59245.63,18125.4,60967.05
26-10-2021,43279.3,58148.33,18268.4,61350.26
27-10-2021,43288.65,58240.68,18210.95,61143.33
28-10-2021,43471.05,58192.24,17857.25,59984.7
29-10-2021,42877.33,57582.6,17671.65,59306.93
01-11-2021,43243.97,57970.19,17929.65,60138.46
02-11-2021,43033.21,56537.18,17888.95,60029.06
03-11-2021,42362.49,55789.93,17829.2,59771.92
04-11-2021,42909.3,57210.81,17916.8,60067.62
05-11-2021,43494.18,57832.61,17916.8,60067.62
08-11-2021,43588.96,58528.09,18068.55,60545.61
09-11-2021,43495.34,57780.7,18044.25,60433.45
10-11-2021,44061.1,59063.73,18017.2,60352.82
11-11-2021,44570.97,60524.37,17873.6,59919.69
12-11-2021,44633.68,60559.76,18102.75,60686.69
15-11-2021,44601.4,60007.9,18109.45,60718.71
16-11-2021,44359.32,59694.58,17999.2,60322.37
17-11-2021,44758.74,60247.27,17898.65,60008.33
18-11-2021,44431.53,59451.34,17764.8,59636.01
19-11-2021,44146.72,59094.41,17764.8,59636.01
22-11-2021,43143.24,58042.72,17416.55,58465.89
23-11-2021,42678.69,56079.34,17503.35,58664.33
24-11-2021,42702.91,56238.3,17415.05,58340.99
25-11-2021,42805.01,56372.77,17536.25,58795.09
26-11-2021,42765.38,55350.9,17026.45,57107.15
29-11-2021,42966.16,54961.88,17053.95,57260.58
30-11-2021,42798.23,54933.56,16983.2,57064.87
01-12-2021,42988.98,53806.21,17166.9,57684.79
02-12-2021,42466.0,53736.72,17401.65,58461.29
03-12-2021,42960.02,54109.85,17196.7,57696.46
06-12-2021,42994.69,53765.74,16912.25,56747.14
07-12-2021,43208.2,54505.93,17176.7,57633.65
08-12-2021,43237.51,54283.27,17469.75,58649.68
09-12-2021,43009.73,53256.83,17516.85,58807.13
10-12-2021,43334.64,53861.44,17511.3,58786.67
13-12-2021,43480.92,54256.83,17368.25,58283.42
14-12-2021,43160.43,53358.13,17324.9,58117.09
15-12-2021,43095.12,52586.51,17221.4,57788.03
16-12-2021,44021.25,55020.44,17248.4,57901.14
17-12-2021,44172.21,55116.09,16985.2,57011.74
20-12-2021,43831.74,54432.29,16614.2,55822.01
21-12-2021,43547.86,54808.09,16770.85,56319.01
22-12-2021,43839.67,55461.47,16955.45,56930.56
23-12-2021,43940.57,55631.69,17072.6,57315.28
24-12-2021,43712.82,55343.35,17003.75,57124.31
27-12-2021,43781.94,55642.12,17086.25,57420.24
28-12-2021,43638.0,55713.06,17233.25,57897.48
29-12-2021,43378.5,54906.2,17213.6,57806.49
30-12-2021,43459.31,55209.42,17203.95,57794.32
31-12-2021,43732.41,55824.34,17354.05,58253.82
03-01-2022,43107.76,54597.42,17625.7,59183.22
04-01-2022,43393.09,55109.7,17805.25,59855.93
05-01-2022,43723.85,55475.56,17925.25,60223.15
06-01-2022,42803.29,53062.01,17745.9,59601.84
07-01-2022,42995.67,53580.69,17812.7,59744.65
10-01-2022,42942.84,53597.36,18003.3,60395.63
11-01-2022,43300.64,54300.81,18055.75,60616.89
12-01-2022,43363.42,55058.64,18212.35,61150.04
13-01-2022,43211.54,54939.78,18257.8,61235.3
14-01-2022,43201.18,54488.42,18255.75,61223.03
17-01-2022,43438.7,54788.0,18308.1,61308.91
18-01-2022,43266.07,56071.85,18113.05,60754.86
19-01-2022,44217.42,58120.09,17938.4,60098.82
20-01-2022,44102.03,59148.19,17757.0,59464.62
21-01-2022,43847.69,58200.27,17617.15,59037.18
24-01-2022,44061.57,56928.11,17149.1,57491.51
25-01-2022,44462.69,57347.68,17277.95,57858.15
26-01-2022,43995.06,57237.57,17277.95,57858.15
27-01-2022,43181.41,54595.0,17110.15,57276.94
28-01-2022,43159.51,53927.02,17101.95,57200.23
31-01-2022,43305.45,54029.28,17339.85,58014.17
01-02-2022,43153.64,54163.17,17576.85,58862.57
02-02-2022,43477.31,54577.34,17780.0,59558.33
03-02-2022,43372.9,53825.21,17560.2,58788.02
04-02-2022,43355.82,53936.79,17516.3,58644.82
07-02-2022,43690.8,55377.84,17213.6,57621.19
08-02-2022,43844.25,55675.43,17266.75,57808.58
09-02-2022,44072.44,56041.55,17463.8,58465.97
10-02-2022,44163.58,56567.0,17605.85,58926.03
11-02-2022,44705.96,56747.04,17374.75,58152.92
14-02-2022,45247.99,57759.01,16842.8,56405.84
15-02-2022,45133.63,56789.34,17352.45,58142.05
16-02-2022,45201.35,57041.87,17322.2,57996.68
17-02-2022,45857.36,57599.76,17304.6,57892.01
18-02-2022,45819.51,57898.24,17276.3,57832.97
21-02-2022,45587.19,57604.67,17206.65,57683.59
22-02-2022,45665.91,58243.74,17092.2,57300.68
23-02-2022,45805.24,58911.99,17063.25,57232.06
24-02-2022,46192.9,59234.23,16247.95,54529.91
25-02-2022,45736.93,58179.12,16658.4,55858.52
28-02-2022,45841.87,58795.09,16793.9,56247.28
01-03-2022,47015.06,61804.09,16793.9,56247.28
02-03-2022,46813.59,61372.61,16605.95,55468.9
03-03-2022,47036.74,61288.3,16498.05,55102.68
04-03-2022,47947.94,62907.43,16245.35,54333.81
07-03-2022,48988.04,63174.16,15863.15,52842.75
08-03-2022,50557.87,66633.99,16013.45,53424.09
09-03-2022,49108.5,63693.42,16345.35,54647.33
10-03-2022,48909.37,64137.1,16594.9,55464.39
11-03-2022,48644.22,64049.33,16630.45,55550.3
14-03-2022,48356.83,62294.33,16871.3,56486.02
15-03-2022,47425.94,61782.82,16663.0,55776.85
16-03-2022,46784.27,60490.98,16975.35,56816.65
17-03-2022,47469.48,62533.3,17287.05,57863.93
18-03-2022,47103.32,61205.99,17287.05,57863.93
21-03-2022,47091.27,61731.91,17117.6,57292.49
22-03-2022,47121.11,61051.12,17315.5,57989.3
23-03-2022,47383.43,61584.27,17245.65,57684.82
24-03-2022,48279.23,63745.51,17222.75,57595.68
25-03-2022,47943.47,62806.48,17153.0,57362.2
28-03-2022,47566.96,61741.9,17222.0,57593.49
29-03-2022,46739.86,60419.58,17325.3,57943.65
30-03-2022,47037.05,61069.1,17498.25,58683.99
31-03-2022,47519.94,61243.0,17464.75,58568.51
01-04-2022,46836.36,60139.73,17670.45,59276.69
04-04-2022,47135.94,60065.83,18053.4,60611.74
05-04-2022,46662.51,59521.46,17957.4,60176.5
06-04-2022,46536.48,59322.85,17807.65,59610.41
07-04-2022,47217.43,60390.36,17639.55,59034.95
08-04-2022,47387.97,60574.89,17784.35,59447.18
11-04-2022,47456.43,60966.25,17674.95,58964.57
12-04-2022,48084.06,62723.11,17530.3,58576.37
13-04-2022,48500.29,63704.07,17475.65,58338.93
14-04-2022,48235.2,62872.92,17475.65,58338.93
15-04-2022,48353.76,63027.46,17475.65,58338.93
18-04-2022,48662.58,64150.47,17173.65,57166.74
19-04-2022,47962.86,62270.55,16958.65,56463.15
20-04-2022,47983.17,62108.01,17136.55,57037.5
21-04-2022,47695.5,60378.98,17392.6,57911.68
22-04-2022,47360.21,59493.35,17171.95,57197.15
25-04-2022,46541.64,58184.43,16953.95,56579.89
26-04-2022,46782.54,57923.35,17200.8,57356.61
27-04-2022,46562.64,57917.51,17038.4,56819.39
28-04-2022,46436.3,56865.84,17245.05,57521.06
29-04-2022,47014.48,56733.55,17102.55,57060.87
02-05-2022,45805.4,55464.44,17069.1,56975.99
03-05-2022,45978.22,55654.61,17069.1,56975.99
04-05-2022,45899.84,54976.55,16677.6,55669.03
05-05-2022,45791.34,54734.58,16682.65,55702.23
06-05-2022,46294.0,54939.06,16411.25,54835.58
09-05-2022,45949.13,53893.92,16301.85,54470.67
10-05-2022,45764.91,53204.6,16240.05,54364.85
11-05-2022,46024.76,53537.38,16167.1,54088.39
12-05-2022,45395.47,51665.41,15808.0,52930.31
13-05-2022,45002.02,52247.56,15782.15,52793.62
16-05-2022,45178.68,53648.9,15842.3,52973.84
17-05-2022,45482.3,54375.14,16259.3,54318.47
18-05-2022,45171.97,53565.07,16240.3,54208.53
19-05-2022,46066.29,54788.16,15809.4,52792.23
20-05-2022,45845.09,53937.31,16266.15,54326.39
23-05-2022,46230.47,54349.2,16214.7,54288.61
24-05-2022,46488.45,54993.01,16125.15,54052.61
25-05-2022,45988.86,54453.29,16025.8,53749.26
26-05-2022,46029.75,54668.11,16170.15,54252.53
27-05-2022,46206.02,55058.87,16352.45,54884.66
30-05-2022,46242.81,55102.7,16661.4,55925.74
31-05-2022,45926.62,53961.97,16584.55,55566.41
01-06-2022,45987.86,54597.64,16522.75,55381.17
02-06-2022,46557.73,55510.08,16628.0,55818.11
03-06-2022,45898.75,54444.76,16584.3,55769.23
06-06-2022,45941.86,55139.23,16569.55,55675.32
07-06-2022,46224.51,55441.89,16416.35,55107.34
08-06-2022,46245.05,55122.48,16356.25,54892.49
09-06-2022,46199.56,54468.4,16478.1,55320.28
10-06-2022,46823.61,54824.78,16201.8,54303.44
13-06-2022,45946.2,53376.01,15774.4,52846.7
14-06-2022,45471.32,52610.53,15732.1,52693.57
15-06-2022,45514.87,53661.06,15692.15,52541.39
16-06-2022,46226.47,54766.99,15360.6,51495.79
17-06-2022,46019.25,54084.4,15293.5,51360.42
20-06-2022,46009.63,54073.1,15350.15,51597.84
21-06-2022,45968.4,54507.61,15638.8,52532.07
22-06-2022,46079.37,53776.43,15413.3,51822.53
23-06-2022,45897.49,52873.74,15556.65,52265.72
24-06-2022,45887.83,53050.5,15699.25,52727.98
27-06-2022,45811.47,53233.29,15832.05,53161.28
28-06-2022,45836.26,52448.79,15850.2,53177.45
29-06-2022,46109.01,52543.48,15799.1,53026.97
30-06-2022,45763.51,51448.12,15780.25,53018.94
01-07-2022,45669.02,49751.28,15752.05,52907.93
04-07-2022,45661.91,49743.53,15835.35,53234.77
05-07-2022,44713.85,48353.29,15810.85,53134.35
06-07-2022,44270.37,48700.21,15989.8,53750.97
07-07-2022,44165.61,48595.13,16132.9,54178.46
08-07-2022,44333.67,48818.99,16220.6,54481.84
11-07-2022,44124.75,48631.6,16216.0,54395.23
12-07-2022,44034.98,48292.06,16058.3,53886.61
13-07-2022,44312.72,48901.91,15966.65,53514.15
14-07-2022,43735.27,46619.31,15938.65,53416.15
15-07-2022,43720.14,47633.99,16049.2,53760.78
18-07-2022,43808.05,48162.72,16278.5,54521.15
19-07-2022,43998.88,48038.54,16340.55,54767.62
20-07-2022,43633.42,47854.27,16520.85,55397.53
21-07-2022,44053.54,48066.13,16605.25,55681.95
22-07-2022,44297.61,47667.82,16719.45,56072.23
25-07-2022,44145.62,46980.8,16631.0,55766.22
26-07-2022,44027.02,47384.73,16483.85,55268.49
27-07-2022,44128.51,47624.7,16641.8,55816.32
28-07-2022,44932.89,50898.95,16929.6,56857.79
29-07-2022,45099.98,51564.76,17158.25,57570.25
01-08-2022,45041.78,51743.31,17340.05,58115.5
02-08-2022,44959.1,51036.24,17345.45,58136.36
03-08-2022,44428.06,50202.7,17388.15,58350.53
04-08-2022,45494.3,51126.08,17382.0,58298.8
05-08-2022,45118.34,50437.16,17397.5,58387.93
08-08-2022,45618.97,52573.64,17525.1,58853.07
09-08-2022,45913.13,52357.35,17525.1,58853.07
10-08-2022,45940.51,53007.11,17534.75,58817.29
11-08-2022,45513.02,51690.1,17659.0,59332.6
12-08-2022,46037.86,52925.87,17698.15,59462.78
15-08-2022,45605.39,51844.32,17698.15,59462.78
16-08-2022,45352.87,51319.95,17825.25,59842.21
17-08-2022,44792.65,50156.67,17944.25,60260.13
18-08-2022,44786.02,49621.06,17956.5,60298.0
19-08-2022,44818.23,48875.37,17758.45,59646.15
22-08-2022,44553.75,48492.66,17490.7,58773.87
23-08-2022,44863.48,48828.97,17577.5,59031.3
24-08-2022,44872.7,48510.68,17604.95,59085.43
25-08-2022,45094.26,49029.78,17522.45,58774.72
26-08-2022,44588.16,48129.84,17558.9,58833.87
29-08-2022,44643.55,47700.17,17312.9,57972.62
30-08-2022,44303.95,46687.29,17759.3,59537.07
31-08-2022,43879.29,45503.49,17759.3,59537.07
01-09-2022,43391.45,44887.62,17542.8,58766.59
02-09-2022,43821.4,45559.08,17539.45,58803.33
05-09-2022,43825.63,45563.48,17665.8,59245.98
06-09-2022,43616.67,45645.65,17655.6,59196.99
07-09-2022,44060.69,46588.28,17624.4,59028.91
08-09-2022,43738.47,46939.48,17798.75,59688.22
09-09-2022,43979.63,47813.31,17833.35,59793.14
12-09-2022,44256.53,50592.42,17936.35,60115.13
13-09-2022,43500.21,49470.33,18070.05,60571.08
14-09-2022,43418.13,49831.68,18003.75,60346.97
15-09-2022,42542.57,48982.45,17877.4,59934.01
16-09-2022,42916.02,49536.85,17530.85,58840.79
19-09-2022,42689.32,49378.91,17622.25,59141.23
20-09-2022,42532.39,48951.84,17816.25,59719.74
21-09-2022,42687.51,49778.16,17718.35,59456.78
22-09-2022,43001.21,50310.49,17629.8,59119.72
23-09-2022,42879.98,49103.61,17327.35,58098.92
26-09-2022,42407.13,48083.88,17016.3,57145.22
27-09-2022,42684.75,47906.53,17007.4,57107.52
28-09-2022,43627.13,49386.62,16858.6,56598.28
29-09-2022,43419.42,48723.48,16818.1,56409.96
30-09-2022,43549.26,49668.79,17094.35,57426.92
03-10-2022,44370.41,53779.7,16887.35,56788.81
04-10-2022,45094.97,55119.58,17274.3,58065.47
05-10-2022,44824.59,53638.12,17274.3,58065.47
06-10-2022,44933.32,54063.31,17331.8,58222.1
07-10-2022,45022.13,53459.97,17314.65,58191.29
10-10-2022,44402.2,52079.98,17241.0,57991.11
11-10-2022,44483.65,51479.36,16983.55,57147.32
12-10-2022,44182.23,49935.47,17123.6,57625.91
13-10-2022,44134.61,49837.76,17014.35,57235.33
14-10-2022,43382.54,47605.31,17185.7,57919.97
17-10-2022,43904.42,49479.25,17311.8,58410.98
18-10-2022,43576.82,49076.11,17486.95,58960.6
19-10-2022,43056.64,48509.16,17512.25,59107.19
20-10-2022,43516.52,49808.65,17563.95,59202.9
21-10-2022,43964.61,50709.76,17576.3,59307.15
24-10-2022,43752.61,50883.28,17730.75,59831.66
25-10-2022,43978.43,51458.06,17656.35,59543.96
26-10-2022,44107.28,51635.2,17656.35,59543.96
27-10-2022,43808.53,51382.11,17736.95,59756.84
28-10-2022,43459.04,50750.8,17786.8,59959.85
31-10-2022,43254.04,50567.49,18012.2,60746.59
01-11-2022,43753.69,52326.23,18145.4,61121.35
02-11-2022,43748.77,52104.02,18082.85,60906.09
03-11-2022,43366.31,51795.46,18052.7,60836.41
04-11-2022,44459.76,55265.68,18117.15,60950.36
07-11-2022,44185.12,55077.88,18202.8,61185.15
08-11-2022,45041.36,56500.98,18202.8,61185.15
09-11-2022,44757.38,55741.93,18157.0,61033.55
10-11-2022,45774.97,56691.08,18028.2,60613.7
11-11-2022,45696.76,56010.87,18349.7,61795.04
14-11-2022,45901.45,57174.95,18329.15,61624.15
15-11-2022,46188.92,55982.39,18403.4,61872.99
16-11-2022,46213.35,56050.31,18409.65,61980.72
17-11-2022,46135.33,54904.92,18343.9,61750.6
18-11-2022,45918.81,54979.91,18307.65,61663.48
21-11-2022,45535.96,54643.68,18159.95,61144.84
22-11-2022,45675.69,55269.08,18244.2,61418.96
23-11-2022,45841.98,56109.07,18267.25,61510.58
24-11-2022,45795.92,56052.7,18484.1,62272.68
25-11-2022,46029.07,56246.67,18512.75,62293.64
28-11-2022,45690.53,54904.26,18562.75,62504.8
29-11-2022,45897.57,55663.0,18618.05,62681.84
30-11-2022,45823.67,56557.85,18758.35,63099.65
01-12-2022,47081.22,59173.7,18812.5,63284.19
02-12-2022,46862.67,60115.94,18696.1,62868.5
05-12-2022,46266.9,58112.41,18701.05,62834.6
06-12-2022,46587.69,58252.38,18642.75,62626.36
07-12-2022,47285.89,60143.52,18560.5,62410.68
08-12-2022,47302.38,60990.37,18609.35,62570.68
09-12-2022,47565.82,62258.02,18496.6,62181.67
12-12-2022,47176.83,61524.63,18497.15,62130.57
13-12-2022,48196.93,63241.37,18608.0,62533.3
14-12-2022,47886.13,63440.18,18660.3,62677.91
15-12-2022,47143.67,61351.51,18414.9,61799.03
16-12-2022,47684.59,61672.95,18269.0,61337.81
19-12-2022,47547.5,61250.29,18420.45,61806.19
20-12-2022,48213.41,63971.25,18385.3,61702.29
21-12-2022,48245.52,63857.1,18199.1,61067.24
22-12-2022,47616.56,62554.36,18127.35,60826.22
23-12-2022,47851.58,63318.94,17806.8,59845.29
26-12-2022,47695.22,63112.04,18014.6,60566.42
27-12-2022,48371.5,64075.98,18132.3,60927.43
28-12-2022,48113.89,62974.66,18122.5,60910.28
29-12-2022,48467.0,64137.86,18191.0,61133.88
30-12-2022,48462.44,63549.52,18105.3,60840.74
02-01-2023,48412.53,63484.08,18197.45,61167.79
03-01-2023,48918.72,63974.32,18232.55,61294.2
04-01-2023,49314.53,63325.31,18042.95,60657.45
05-01-2023,48765.12,61814.87,17992.15,60353.27
06-01-2023,49533.75,63297.56,17859.45,59900.37
09-01-2023,49535.75,62721.83,18101.2,60747.31
10-01-2023,49450.51,62109.06,17914.15,60115.48
11-01-2023,49202.69,61226.45,17895.7,60105.5
12-01-2023,49747.84,62629.0,17858.2,59958.03
13-01-2023,50030.47,63192.68,17956.6,60261.18
16-01-2023,50130.64,63319.2,17894.85,60092.97
17-01-2023,50067.66,62857.6,18053.3,60655.72
18-01-2023,49916.34,61674.62,18165.35,61045.74
19-01-2023,50324.96,62193.39,18107.85,60858.43
20-01-2023,50316.03,62242.06,18027.65,60621.77
23-01-2023,50170.87,61055.85,18118.55,60941.67
24-01-2023,50666.25,61958.02,18118.3,60978.75
25-01-2023,50928.58,62543.1,17891.95,60205.06
26-01-2023,50549.61,62705.52,17891.95,60205.06
27-01-2023,50500.79,61605.94,17604.35,59330.9
30-01-2023,50390.42,61962.74,17648.95,59500.41
31-01-2023,50607.98,62287.55,17662.15,59549.9
01-02-2023,50680.23,61834.71,17616.3,59708.08
02-02-2023,50342.1,61824.93,17610.4,59932.24
03-02-2023,49140.26,58913.45,17854.05,60841.88
06-02-2023,49335.37,58627.72,17764.6,60506.9
07-02-2023,49799.1,58845.26,17721.5,60286.04
08-02-2023,49942.85,59501.0,17871.7,60663.79
09-02-2023,49595.47,58724.21,17893.45,60806.22
10-02-2023,49429.48,58467.31,17856.5,60682.7
13-02-2023,49128.21,57879.98,17770.9,60431.84
14-02-2023,49234.23,58002.91,17929.85,61032.26
15-02-2023,48867.77,57404.04,18015.85,61275.09
16-02-2023,48998.65,57681.15,18035.85,61319.51
17-02-2023,48931.0,57678.18,17944.2,61002.57
20-02-2023,48968.1,57721.91,17844.6,60691.54
21-02-2023,48735.56,58145.0,17826.7,60672.72
22-02-2023,48805.38,57705.97,17554.3,59744.98
23-02-2023,48417.28,56723.85,17511.25,59605.8
24-02-2023,48045.84,55265.46,17465.8,59463.93
27-02-2023,48438.96,55103.65,17392.7,59288.35
28-02-2023,48599.79,55700.16,17303.95,58962.12
01-03-2023,48823.82,55683.66,17450.9,59411.08
02-03-2023,48585.21,55027.02,17321.9,58909.35
03-03-2023,48923.35,55849.99,17594.35,59808.97
06-03-2023,48546.51,55127.44,17711.45,60224.46
07-03-2023,47736.05,52775.71,17711.45,60224.46
08-03-2023,47832.8,52788.39,17754.4,60348.09
09-03-2023,48206.08,52770.28,17589.6,59806.28
10-03-2023,49100.06,53727.91,17412.9,59135.13
13-03-2023,50373.5,57424.79,17154.3,58237.85
14-03-2023,50510.12,58107.05,17043.3,57900.19
15-03-2023,50981.0,57617.58,16972.15,57555.9
16-03-2023,51033.34,57410.51,16985.6,57634.84
17-03-2023,52325.47,59372.86,17100.05,57989.9
20-03-2023,52518.02,59791.26,16988.4,57628.95
21-03-2023,51422.35,59233.88,17107.5,58074.68
22-03-2023,51748.42,60273.04,17151.9,58214.59
23-03-2023,52900.82,61407.19,17076.9,57925.28
24-03-2023,52424.38,61485.77,16945.05,57527.1
27-03-2023,51684.98,61029.79,16985.7,57653.86
28-03-2023,52135.86,61651.64,16951.7,57613.72
29-03-2023,51937.35,61751.06,17080.7,57960.09
30-03-2023,52370.47,63210.57,17080.7,57960.09
31-03-2023,51973.58,63550.83,17359.75,58991.52
03-04-2023,52420.64,63259.37,17398.05,59106.44
04-04-2023,53404.1,66080.38,17398.05,59106.44
05-04-2023,53352.81,65903.62,17557.05,59689.31
06-04-2023,53008.61,65934.71,17599.15,59832.97
07-04-2023,52931.83,65839.21,17599.15,59832.97
10-04-2023,52366.19,65411.01,17624.05,59846.51
11-04-2023,52843.39,66241.39,17722.3,60157.72
12-04-2023,53059.91,67031.37,17812.4,60392.77
13-04-2023,53790.19,68180.44,17828.0,60431.0
14-04-2023,52579.68,66765.85,17828.0,60431.0
17-04-2023,52474.81,65923.75,17706.85,59910.75
18-04-2023,52924.7,66565.85,17660.15,59727.01
19-04-2023,52669.89,66961.93,17618.75,59567.8
20-04-2023,53147.11,67156.6,17624.45,59632.35
21-04-2023,52276.44,66162.25,17624.05,59655.06
24-04-2023,52474.91,66760.34,17743.4,60056.1
25-04-2023,52474.36,65466.63,17769.25,60130.71
26-04-2023,52344.86,65562.22,17813.6,60300.58
27-04-2023,52311.82,65676.98,17915.05,60649.38
28-04-2023,52315.93,65717.6,18065.0,61112.44
01-05-2023,52126.85,65727.56,18065.0,61112.44
02-05-2023,52958.32,66790.1,18147.65,61354.71
03-05-2023,53336.89,66982.68,18089.85,61193.3
04-05-2023,53847.82,68453.51,18255.8,61749.25
05-05-2023,53001.81,67632.88,18069.0,61054.29
08-05-2023,53244.56,67363.05,18264.4,61764.25
09-05-2023,53542.21,67573.31,18265.95,61761.33
10-05-2023,53599.86,67210.35,18315.1,61940.2
11-05-2023,53062.88,63882.48,18297.0,61904.52
12-05-2023,53174.46,63328.95,18314.8,62027.9
15-05-2023,53331.73,63762.86,18398.85,62345.71
16-05-2023,52591.91,62782.84,18286.5,61932.47
17-05-2023,52406.9,62844.89,18181.75,61560.64
18-05-2023,51863.66,62281.46,18129.95,61431.74
19-05-2023,52626.96,63619.39,18203.4,61729.68
22-05-2023,52637.33,63211.18,18314.4,61963.68
23-05-2023,52522.75,62508.58,18348.0,61981.79
24-05-2023,52308.52,61601.35,18285.4,61773.78
25-05-2023,51673.0,60594.97,18321.15,61872.62
26-05-2023,51717.34,61823.52,18499.35,62501.69
29-05-2023,51612.77,61698.51,18598.65,62846.38
30-05-2023,51984.88,61396.85,18633.85,62969.13
31-05-2023,52207.32,62402.09,18534.4,62622.24
01-06-2023,52571.27,63454.96,18487.75,62428.54
02-06-2023,51646.01,62541.82,18534.1,62547.11
05-06-2023,51877.93,62354.19,18593.85,62787.47
06-06-2023,52140.72,62537.03,18599.0,62792.88
07-06-2023,51539.63,62183.42,18726.4,63142.96
08-06-2023,52157.8,64450.85,18634.55,62848.64
09-06-2023,52038.73,64535.23,18563.4,62625.63
12-06-2023,51828.39,63576.13,18601.5,62724.71
13-06-2023,51477.5,62886.94,18716.15,63143.16
14-06-2023,51731.33,63613.16,18755.9,63228.51
15-06-2023,51643.01,63019.87,18688.1,62917.63
16-06-2023,51575.53,63405.46,18826.0,63384.58
19-06-2023,51576.86,63407.09,18755.45,63168.3
20-06-2023,51015.2,61131.26,18816.7,63327.7
21-06-2023,50963.67,60034.49,18856.85,63523.15
22-06-2023,50389.7,59107.2,18771.25,63238.89
23-06-2023,50544.61,58806.74,18665.5,62979.37
26-06-2023,50706.28,60111.08,18691.2,62970.0
27-06-2023,50463.95,60480.28,18817.4,63416.03
28-06-2023,50414.15,60287.13,18972.1,63915.42
29-06-2023,50349.67,59577.28,18972.1,63915.42
30-06-2023,50693.71,60190.69,19189.05,64718.56
03-07-2023,50722.45,60433.01,19322.55,65205.05
04-07-2023,50632.12,60325.4,19389.0,65479.05
05-07-2023,50611.97,61160.97,19398.5,65446.04
06-07-2023,50562.07,60095.94,19497.3,65785.64
07-07-2023,51257.45,61449.33,19331.8,65280.45
10-07-2023,51130.77,61492.38,19355.9,65344.17
11-07-2023,51242.22,61252.93,19439.4,65617.84
12-07-2023,51824.01,63896.5,19384.3,65393.9
13-07-2023,51652.72,65298.83,19413.75,65558.89
14-07-2023,51694.73,65970.71,19564.5,66060.9
17-07-2023,51520.52,65559.1,19711.45,66589.93
18-07-2023,52165.29,66180.16,19749.25,66795.14
19-07-2023,52181.98,66547.53,19833.15,67097.44
20-07-2023,51930.54,65444.15,19979.15,67571.9
21-07-2023,51838.08,65178.28,19745.0,66684.26
24-07-2023,51674.48,64414.51,19672.35,66384.78
25-07-2023,51610.84,64917.97,19680.6,66355.71
26-07-2023,51875.73,65407.84,19778.3,66707.2
27-07-2023,51272.45,63875.76,19659.9,66266.82
28-07-2023,51919.52,64541.87,19646.05,66160.2
31-07-2023,52109.65,65726.13,19753.8,66527.67
01-08-2023,51309.43,64002.61,19733.55,66459.31
02-08-2023,51268.27,62858.81,19526.55,65782.78
03-08-2023,51389.99,62737.28,19381.65,65240.68
04-08-2023,51623.95,62858.47,19517.0,65721.25
07-08-2023,51406.27,61528.0,19597.3,65953.48
08-08-2023,51189.13,60436.75,19570.85,65846.5
09-08-2023,51017.23,60328.92,19632.55,65995.81
10-08-2023,51003.7,60600.2,19543.1,65688.18
11-08-2023,50922.9,60359.97,19428.3,65322.65
14-08-2023,50921.5,60351.02,19434.55,65401.92
15-08-2023,50911.2,60464.58,19434.55,65401.92
16-08-2023,50716.04,60128.5,19465.0,65539.42
17-08-2023,50421.0,60667.91,19365.25,65151.02
18-08-2023,50390.41,60633.6,19310.15,64948.66
21-08-2023,50624.77,62312.35,19393.6,65216.09
22-08-2023,50674.86,62582.01,19396.45,65220.03
23-08-2023,51240.62,65070.38,19444.0,65433.3
24-08-2023,50906.6,64252.94,19386.7,65252.34
25-08-2023,50777.6,64352.12,19265.8,64886.51
28-08-2023,50972.39,64417.79,19306.05,64996.6
29-08-2023,51483.66,65871.97,19342.65,65075.82
30-08-2023,51568.01,65601.15,19347.45,65087.25
31-08-2023,51534.4,65068.1,19253.8,64831.41
01-09-2023,51565.72,64415.95,19435.3,65387.16
04-09-2023,51574.83,64427.32,19528.8,65628.14
05-09-2023,51236.51,62663.79,19574.9,65780.26
06-09-2023,51237.82,61989.72,19611.05,65880.52
07-09-2023,51327.4,61432.28,19727.05,66265.56
08-09-2023,51341.69,61265.32,19819.95,66598.91
11-09-2023,51342.85,61673.89,19996.35,67127.08
12-09-2023,50968.43,61672.52,19993.2,67221.13
13-09-2023,50848.2,61025.3,20070.0,67466.99
14-09-2023,50929.77,60657.08,20103.1,67519.0
15-09-2023,51351.66,61733.05,20192.35,67838.63
18-09-2023,51595.59,62058.96,20133.3,67596.84
19-09-2023,51713.98,62083.55,20133.3,67596.84
20-09-2023,52040.55,63068.67,19901.4,66800.84
21-09-2023,51267.76,62626.17,19742.35,66230.24
22-09-2023,51312.24,62883.74,19674.25,66009.15
25-09-2023,51129.17,61743.96,19674.55,66023.69
26-09-2023,50729.69,61263.23,19664.7,65945.47
27-09-2023,50123.61,60196.0,19716.45,66118.69
28-09-2023,49778.2,60242.75,19523.55,65508.32
29-09-2023,49431.45,59475.01,19638.3,65828.41
02-10-2023,48854.24,56644.23,19638.3,65828.41
03-10-2023,48900.5,56758.45,19528.75,65512.1
04-10-2023,48661.24,56076.16,19436.1,65226.04
05-10-2023,48738.89,55934.63,19545.75,65631.57
06-10-2023,48971.44,57635.5,19653.5,65995.63
09-10-2023,49428.22,58103.21,19512.35,65512.39
10-10-2023,49822.74,58298.76,19689.85,66079.36
11-10-2023,50126.6,58769.21,19811.35,66473.05
12-10-2023,50013.51,58304.95,19794.0,66408.39
13-10-2023,51595.5,60839.0,19751.05,66282.74
16-10-2023,51439.15,60540.27,19731.75,66166.93
17-10-2023,51430.8,61156.84,19811.5,66428.09
18-10-2023,52343.56,61421.3,19671.1,65877.02
19-10-2023,52696.98,61271.88,19624.7,65629.24
20-10-2023,52981.2,62404.24,19542.65,65397.62
23-10-2023,52839.34,61686.44,19281.75,64571.88
24-10-2023,52721.78,61344.13,19281.75,64571.88
25-10-2023,52938.16,61038.58,19122.15,64049.06
26-10-2023,53137.92,60932.66,18857.25,63148.15
27-10-2023,53246.65,60968.83,19047.25,63782.8
30-10-2023,53534.15,62437.74,19140.9,64112.65
31-10-2023,53164.54,61169.22,19079.6,63874.93
01-11-2023,52980.87,60737.36,18989.15,63591.33
02-11-2023,54386.59,62316.14,19133.25,64080.9
03-11-2023,53301.76,62096.61,19230.6,64363.78
06-11-2023,52980.21,61891.35,19411.75,64958.69
07-11-2023,52625.18,60224.1,19406.7,64942.4
08-11-2023,52222.01,60603.22,19443.5,64975.61
09-11-2023,52552.39,61084.59,19395.3,64832.2
10-11-2023,51770.12,59509.12,19425.35,64904.68
13-11-2023,52102.86,59719.44,19443.55,64933.87
14-11-2023,52475.5,61733.21,19443.55,64933.87
15-11-2023,52293.91,62656.11,19675.45,65675.93
16-11-2023,53059.38,63899.12,19765.2,65982.48
17-11-2023,52955.88,63626.69,19731.8,65794.73
20-11-2023,52960.51,63141.82,19694.0,65655.15
21-11-2023,53558.67,63872.32,19783.4,65930.77
22-11-2023,53362.08,63432.12,19811.85,66023.24
23-11-2023,53491.8,63586.31,19802.0,66017.81
24-11-2023,53650.39,65191.31,19794.7,65970.04
27-11-2023,53888.55,66087.0,19794.7,65970.04
28-11-2023,54668.67,66818.16,19889.7,66174.2
29-11-2023,54902.28,67241.96,20096.6,66901.91
30-11-2023,54603.38,67763.27,20133.15,66988.44
01-12-2023,55499.72,68333.54,20267.9,67481.19
04-12-2023,54155.61,65697.89,20686.8,68865.12
05-12-2023,54134.6,64905.2,20855.1,69296.14
06-12-2023,54390.36,63990.71,20937.7,69653.73
07-12-2023,54357.12,63550.09,20901.15,69521.69
08-12-2023,53552.89,61560.49,20969.4,69825.6
11-12-2023,53056.68,61084.93,20997.1,69928.53
12-12-2023,52996.25,60900.94,20906.4,69551.03
13-12-2023,53150.3,60700.68,20926.35,69584.6
14-12-2023,54362.35,64521.49,21182.7,70514.2
15-12-2023,54126.03,63925.01,21456.65,71483.75
18-12-2023,54099.23,63625.26,21418.65,71315.09
19-12-2023,54467.82,64236.98,21453.1,71437.19
20-12-2023,54350.79,65041.96,21150.15,70506.31
21-12-2023,54588.8,65072.33,21255.05,70865.1
22-12-2023,54981.0,64920.93,21349.4,71106.96
25-12-2023,55003.09,64947.01,21349.4,71106.96
26-12-2023,55037.33,64562.3,21441.35,71336.8
27-12-2023,55678.1,65188.24,21654.75,72038.43
28-12-2023,55520.43,64609.19,21778.7,72410.38
29-12-2023,54572.56,63116.73,21731.4,72240.26
01-01-2024,55200.23,63842.66,21741.9,72240.26
02-01-2024,55223.23,63486.38,21665.8,71892.48
03-01-2024,54450.95,61421.27,21517.35,71356.6
04-01-2024,54707.89,61581.53,21658.6,71847.57
05-01-2024,54659.68,61880.19,21710.8,72026.15
08-01-2024,54204.58,61838.05,21513.0,71355.22
09-01-2024,54107.76,61156.93,21544.85,71386.21
10-01-2024,54034.52,61162.69,21618.7,71657.71
11-01-2024,53768.41,60158.8,21647.2,71721.18
12-01-2024,54666.51,61864.75,21894.55,72568.45
15-01-2024,54532.27,61712.83,22097.45,73327.94
16-01-2024,53972.47,61093.32,22032.3,73128.77
17-01-2024,53496.92,60148.64,21571.95,71500.76
18-01-2024,53981.84,60616.59,21462.25,71186.86
19-01-2024,54182.03,60347.52,21622.4,71683.23
22-01-2024,53979.59,59231.09,21622.4,71683.23
23-01-2024,54064.55,59666.83,21238.8,70370.55
24-01-2024,53884.51,60883.96,21453.95,71060.31
25-01-2024,53884.51,60934.99,21352.6,70700.67
26-01-2024,53913.29,60828.87,21352.6,70700.67
29-01-2024,54121.68,61834.27,21737.6,71941.57
30-01-2024,54310.82,61775.05,21522.1,71139.9
31-01-2024,54734.04,61593.17,21725.7,71752.11
01-02-2024,54819.93,61762.54,21697.45,71645.3
02-02-2024,54286.17,60525.05,21853.8,72085.63
05-02-2024,54055.59,59600.71,21771.7,71731.42
06-02-2024,54358.71,59830.65,21929.4,72186.09
07-02-2024,54355.75,59499.68,21930.5,72152.0
08-02-2024,54237.73,60224.12,21717.95,71428.43
09-02-2024,53982.44,60105.59,21782.5,71595.49
12-02-2024,53865.32,60609.83,21616.05,71072.49
13-02-2024,53174.49,58956.48,21743.25,71555.19
14-02-2024,53159.13,59644.1,21840.05,71822.83
15-02-2024,53454.02,61172.7,21910.75,72050.38
16-02-2024,53683.33,62554.48,22040.7,72426.64
19-02-2024,53687.46,62559.31,22122.25,72708.16
20-02-2024,54117.77,61674.24,22196.95,73057.4
21-02-2024,53854.2,60852.61,22055.05,72623.09
22-02-2024,53855.94,60703.59,22217.45,73158.24
23-02-2024,54316.59,61198.75,22212.7,73142.8
26-02-2024,54053.68,60001.31,22122.05,72790.13
27-02-2024,54180.75,59995.72,22198.35,73095.22
28-02-2024,54216.99,59764.03,21951.15,72304.88
29-02-2024,54531.81,60420.29,21982.8,72500.3
01-03-2024,55629.06,61709.36,22338.75,73745.35
04-03-2024,56406.29,63336.89,22405.6,73872.29
05-03-2024,56871.31,63343.47,22356.3,73677.13
06-03-2024,57301.37,64680.23,22474.05,74085.99
07-03-2024,57460.98,64889.9,22493.55,74119.39
08-03-2024,57962.7,64755.08,22493.55,74119.39
11-03-2024,58066.32,65215.2,22332.65,73502.64
12-03-2024,57496.54,64389.53,22335.7,73667.96
13-03-2024,57935.47,66471.06,21997.7,72761.89
14-03-2024,57602.46,66241.5,22146.65,73097.28
15-03-2024,57543.95,67218.63,22023.35,72643.43
18-03-2024,57581.36,66866.01,22055.7,72748.42
19-03-2024,57446.56,66507.26,21817.45,72012.05
20-03-2024,57613.23,66568.0,21839.1,72101.69
21-03-2024,58275.92,66353.48,22011.95,72641.19
22-03-2024,57746.39,66070.79,22096.75,72831.94
25-03-2024,58449.85,66504.58,22096.75,72831.94
26-03-2024,58348.11,65661.73,22004.7,72470.3
27-03-2024,58699.76,65985.64,22123.65,72996.31
28-03-2024,59431.79,66462.09,22326.9,73651.35
29-03-2024,59451.75,66484.41,22326.9,73651.35
01-04-2024,59943.58,66882.72,22462.0,74014.55
02-04-2024,60632.88,69198.18,22453.3,73903.91
03-04-2024,61484.74,72206.52,22434.65,73876.82
04-04-2024,61351.6,72749.14,22514.65,74227.63
05-04-2024,62418.85,73538.13,22513.7,74248.22
08-04-2024,62444.19,74214.24,22666.3,74742.5
09-04-2024,62739.71,74669.22,22642.75,74683.7
10-04-2024,62333.65,74815.9,22753.8,75038.15
11-04-2024,63150.57,75561.85,22753.8,75038.15
12-04-2024,63140.08,75716.11,22519.4,74244.9
15-04-2024,63596.47,77018.45,22272.5,73399.78
16-04-2024,64187.72,76027.61,22147.9,72943.68
17-04-2024,63798.08,76249.97,22147.9,72943.68
18-04-2024,64028.3,76138.93,21995.85,72488.99
19-04-2024,64421.84,77379.27,22147.0,73088.33
22-04-2024,62523.94,72955.32,22336.4,73648.62
23-04-2024,62403.97,73272.46,22368.0,73738.45
24-04-2024,62241.28,73163.3,22402.4,73852.94
25-04-2024,62426.12,73261.86,22570.35,74339.44
26-04-2024,62530.97,72957.26,22419.95,73730.16
29-04-2024,62890.64,73399.22,22643.4,74671.28
30-04-2024,61478.61,70807.46,22604.85,74482.78
01-05-2024,61741.64,71110.67,22604.85,74482.78
02-05-2024,61654.84,71284.39,22648.2,74611.11
03-05-2024,61649.41,70914.25,22475.85,73878.15
06-05-2024,62235.81,73368.88,22442.7,73895.54
07-05-2024,62133.32,73273.41,22302.5,73511.85
08-05-2024,62088.23,73426.52,22302.5,73466.39
09-05-2024,62580.5,75490.52,21957.5,72404.17
10-05-2024,63521.33,75869.79,22055.2,72664.47
13-05-2024,62733.28,75784.25,22104.05,72776.13
14-05-2024,63183.24,76475.51,22217.85,73104.61
15-05-2024,64145.32,79255.87,22200.55,72987.03
16-05-2024,63820.56,79547.77,22403.85,73663.72
17-05-2024,64734.43,83318.54,22466.1,73917.03
20-05-2024,65183.98,86250.47,22466.1,73917.03
21-05-2024,64868.61,85362.88,22529.05,73953.31
22-05-2024,63999.44,83829.84,22597.8,74221.06
23-05-2024,62510.27,81073.28,22967.65,75418.04
24-05-2024,62457.82,81215.25,22957.1,75410.39
27-05-2024,62282.19,80986.87,22932.45,75390.5
28-05-2024,62959.12,85464.76,22888.15,75170.45
29-05-2024,62606.56,86147.89,22704.7,74502.9
30-05-2024,62795.96,84128.2,22488.65,73885.6
31-05-2024,62226.52,81160.49,22530.7,73961.31
03-06-2024,62959.41,82209.97,23263.9,76468.78
04-06-2024,62126.08,78777.63,21884.5,72079.05
05-06-2024,63295.81,80522.62,22620.35,74382.24
06-06-2024,63541.94,83765.55,22821.4,75074.51
07-06-2024,61865.17,78727.0,23290.15,76693.36
10-06-2024,61972.7,79943.9,23259.2,76490.08
11-06-2024,61968.96,78237.99,23264.85,76456.59
12-06-2024,62784.66,81104.02,23322.95,76606.57
13-06-2024,61776.24,77858.16,23398.9,76810.9
14-06-2024,62605.03,78953.13,23465.6,76992.77
17-06-2024,62116.91,78774.37,23465.6,76992.77
18-06-2024,62569.19,79218.33,23557.9,77301.14
19-06-2024,62467.29,79089.32,23516.0,77337.59
20-06-2024,63128.9,82541.21,23567.0,77478.93
21-06-2024,62261.44,79487.9,23501.1,77209.9
24-06-2024,62597.7,79225.05,23537.85,77341.08
25-06-2024,62161.66,77378.73,23721.3,78053.52
26-06-2024,61660.9,77529.36,23868.8,78674.25
27-06-2024,62463.32,77707.64,24044.5,79243.18
28-06-2024,62452.39,78443.12,24010.6,79032.73
01-07-2024,62387.3,78533.59,24141.95,79476.19
02-07-2024,62319.12,78745.3,24123.85,79441.45
03-07-2024,63335.04,81988.25,24286.5,79986.8
04-07-2024,63344.22,82000.14,24302.15,80049.67
05-07-2024,64116.3,84257.17,24323.85,79996.6
08-07-2024,63206.27,82169.23,24320.55,79960.38
09-07-2024,63326.78,82568.18,24433.2,80351.64
10-07-2024,63678.44,82482.39,24324.45,79924.77
11-07-2024,64829.6,84275.8,24315.95,79897.34
12-07-2024,64820.3,82934.54,24502.15,80519.34
15-07-2024,65060.68,82361.69,24586.7,80664.86
16-07-2024,66174.63,83833.56,24613.0,80716.55
17-07-2024,65924.61,80934.09,24613.0,80716.55
18-07-2024,65877.55,80593.73,24800.85,81343.46
19-07-2024,64443.53,78252.28,24530.9,80604.65
22-07-2024,64392.44,78401.57,24509.25,80502.08
23-07-2024,64686.02,78367.84,24479.05,80429.04
24-07-2024,64947.6,78358.03,24413.5,80148.88
25-07-2024,63322.55,74867.56,24406.1,80039.8
26-07-2024,64074.99,75005.43,24834.85,81332.72
29-07-2024,63994.81,74574.01,24836.1,81355.84
30-07-2024,64758.02,76376.77,24857.3,81455.4
31-07-2024,65327.96,77478.18,24951.15,81741.34
01-08-2024,65540.21,76255.42,25010.9,81867.55
02-08-2024,65310.24,76050.34,24717.7,80981.95
05-08-2024,64657.42,72892.72,24055.6,78759.4
06-08-2024,64523.53,73179.43,23992.55,78593.07
07-08-2024,64509.31,72402.62,24297.5,79468.01
08-08-2024,65370.59,74217.3,24117.0,78886.22
09-08-2024,65674.22,74223.39,24367.5,79705.91
12-08-2024,66461.37,75349.34,24347.0,79648.92
13-08-2024,66530.01,74696.91,24139.0,78956.03
14-08-2024,65787.42,73500.47,24143.75,79105.88
15-08-2024,66227.48,76516.21,24143.75,79105.88
16-08-2024,67437.23,77671.84,24541.15,80436.84
19-08-2024,67476.54,78863.78,24572.65,80424.68
20-08-2024,67723.73,79433.06,24698.85,80802.86
21-08-2024,67565.52,79395.68,24770.2,80905.3
22-08-2024,66857.94,78231.54,24811.5,81053.19
23-08-2024,67695.51,80385.05,24823.15,81086.21
26-08-2024,67843.86,80778.3,25010.6,81698.11
27-08-2024,67854.6,80775.56,25017.75,81711.76
28-08-2024,67480.53,78721.0,25052.35,81785.56
29-08-2024,68163.13,79767.89,25151.95,82134.61
30-08-2024,67265.02,77495.85,25235.9,82365.77
02-09-2024,67239.93,77466.93,25278.7,82559.84
03-09-2024,67185.6,75420.89,25279.85,82555.44
04-09-2024,67298.48,76024.56,25198.7,82352.64
05-09-2024,67810.31,77546.87,25145.1,82201.16
06-09-2024,67327.87,75085.36,24852.15,81183.93
09-09-2024,67551.18,76388.62,24936.4,81559.54
10-09-2024,67833.33,76295.28,25041.1,81921.29
11-09-2024,67828.81,77122.5,24918.45,81523.16
12-09-2024,68893.24,80318.73,25388.9,82962.71
13-09-2024,69658.1,82843.29,25356.5,82890.94
16-09-2024,69592.33,82988.13,25383.75,82988.78
17-09-2024,69157.46,82577.4,25418.55,83079.66
18-09-2024,69236.34,81717.03,25377.55,82948.23
19-09-2024,69636.63,83666.2,25415.8,83184.8
20-09-2024,70430.12,83809.66,25790.95,84544.31
23-09-2024,70499.79,82583.94,25939.05,84928.61
24-09-2024,71224.58,86266.32,25940.4,84914.04
25-09-2024,71446.34,85164.94,26004.15,85169.87
26-09-2024,71782.32,86101.69,26216.05,85836.12
27-09-2024,71088.1,84734.17,26178.95,85571.85
30-09-2024,70951.81,83879.3,25810.85,84299.78
01-10-2024,71886.68,84747.74,25796.9,84266.29
02-10-2024,71380.4,85286.5,25796.9,84266.29
03-10-2024,71690.63,86848.43,25250.1,82497.1
04-10-2024,71462.13,86776.6,25014.6,81688.45
07-10-2024,71450.77,85760.91,24795.75,81050.0
08-10-2024,70592.15,81943.58,25013.15,81634.81
09-10-2024,70307.72,82084.12,24981.95,81467.1
10-10-2024,70724.87,83676.43,24998.45,81611.41
11-10-2024,71726.67,85070.17,24964.25,81381.36
14-10-2024,71651.42,84112.89,25127.95,81973.05
15-10-2024,71916.93,85192.95,25057.35,81820.12
16-10-2024,72264.04,85830.43,24971.3,81501.36
17-10-2024,72708.83,85307.92,24749.85,81006.61
18-10-2024,73334.82,89265.43,24854.05,81224.75
21-10-2024,73601.9,91543.56,24781.1,81151.27
22-10-2024,74176.43,94149.1,24472.1,80220.72
23-10-2024,73380.09,90941.14,24435.5,80081.98
24-10-2024,73919.86,90845.02,24399.4,80065.16
25-10-2024,74094.55,90838.75,24180.8,79402.29
28-10-2024,74166.42,91474.36,24339.15,80005.04
29-10-2024,74856.64,92662.27,24466.85,80369.03
30-10-2024,75388.04,91687.65,24340.85,79942.18
31-10-2024,74030.69,88278.28,24205.35,79389.06
01-11-2024,74040.92,87980.7,24304.35,79724.12
04-11-2024,74010.36,87857.03,23995.35,78782.24
05-11-2024,74140.61,88350.24,24213.3,79476.63
06-11-2024,72142.63,84434.13,24484.05,80378.13
07-11-2024,73092.61,86043.09,24199.35,79541.79
08-11-2024,72845.05,84998.99,24148.2,79486.32
11-11-2024,70841.15,82854.2,24141.3,79496.15
12-11-2024,70548.67,83263.72,23883.45,78675.18
13-11-2024,70026.7,83002.05,23559.05,77690.95
14-11-2024,69707.68,82806.71,23532.7,77580.31
15-11-2024,69681.74,82484.47,23532.7,77580.31
18-11-2024,70904.28,84639.17,23453.8,77339.01
19-11-2024,71285.7,84682.12,23518.5,77578.38
20-11-2024,71857.47,83997.43,23518.5,77578.38
21-11-2024,72493.53,83863.63,23349.9,77155.79
22-11-2024,73610.69,85046.57,23907.25,79117.11
25-11-2024,71037.76,82010.49,24221.9,80109.85
26-11-2024,71083.49,82436.56,24194.5,80004.06
27-11-2024,71582.61,81647.94,24274.9,80234.08
28-11-2024,71651.52,81726.55,23914.15,79043.74
29-11-2024,72159.47,83335.09,24131.1,79802.79
02-12-2024,71631.62,82777.76,24276.05,80248.08
03-12-2024,72051.17,84664.97,24457.15,80845.75
04-12-2024,72253.02,85776.29,24467.45,80956.33
05-12-2024,71532.65,84790.13,24708.4,81765.86
06-12-2024,71839.78,84908.48,24677.8,81709.12
09-12-2024,72540.58,87694.37,24619.0,81508.46
10-12-2024,73587.94,88283.15,24610.05,81510.05
11-12-2024,74598.91,88853.96,24641.8,81526.14
12-12-2024,73320.89,85196.83,24548.7,81289.96
13-12-2024,72446.22,83615.92,24768.3,82133.12
16-12-2024,72289.03,83693.77,24668.25,81748.57
17-12-2024,72196.2,83469.01,24336.0,80684.45
18-12-2024,71978.91,83022.14,24198.85,80182.2
19-12-2024,70977.92,79663.28,23951.7,79218.05
20-12-2024,72073.6,81321.68,23587.5,78041.59
23-12-2024,71343.09,81625.48,23753.45,78540.17
24-12-2024,71683.02,82008.66,23727.65,78472.87
25-12-2024,71752.6,82088.27,23727.65,78472.87
26-12-2024,72464.21,82512.21,23750.2,78472.48
27-12-2024,71742.73,81290.34,23813.4,78699.07
30-12-2024,71543.28,79902.48,23644.9,78248.13
31-12-2024,72516.05,79819.51,23644.8,78139.01
01-01-2025,72516.05,79819.51,23742.9,78507.41
02-01-2025,73334.43,81699.67,24188.65,79943.71
03-01-2025,72966.63,82224.7,24004.75,79223.11
06-01-2025,72746.38,83659.44,23616.05,77964.99
07-01-2025,73184.07,83872.31,23707.9,78199.11
08-01-2025,73506.71,84009.25,23688.95,78148.49
09-01-2025,74126.3,85044.44,23526.5,77620.21
10-01-2025,74819.39,85885.53,23431.5,77378.91
13-01-2025,74082.92,83382.42,23085.95,76330.01
14-01-2025,74591.97,83944.18,23176.05,76499.63
15-01-2025,75466.57,87135.02,23213.2,76724.08
16-01-2025,76317.54,87596.78,23311.8,77042.82
17-01-2025,76413.69,86181.54,23203.2,76619.33
20-01-2025,76380.95,86144.62,23344.75,77073.44
21-01-2025,76361.74,86786.3,23024.65,75838.36
22-01-2025,76925.25,86828.58,23155.35,76404.99
23-01-2025,76818.66,85275.91,23205.35,76520.38
24-01-2025,77184.42,86216.55,23092.2,76190.46
27-01-2025,75869.56,83848.68,22829.15,75366.17
28-01-2025,76917.69,85421.78,22957.25,75901.41
29-01-2025,77085.09,86959.09,23163.1,76532.96
30-01-2025,78636.36,90151.86,23249.5,76759.81
31-01-2025,78349.66,89501.08,23508.4,77500.57
01-02-2025,78349.66,89501.08,23482.15,77500.57
03-02-2025,78861.08,90139.67,23361.05,77186.74
04-02-2025,79758.16,91931.67,23739.25,78583.81
05-02-2025,80442.07,92042.23,23696.3,78271.28
06-02-2025,80192.38,91305.88,23603.35,78058.16
07-02-2025,80744.01,91056.31,23559.95,77860.19
10-02-2025,81997.08,91138.5,23381.6,77311.8
11-02-2025,81924.9,90661.67,23071.8,76293.6
12-02-2025,81191.5,91253.22,23045.25,76171.08
13-02-2025,81722.26,91193.54,23031.4,76138.97
14-02-2025,80429.63,91488.84,22929.25,75939.21
17-02-2025,80133.43,91151.91,22959.5,75996.86
18-02-2025,81863.37,93035.95,22945.3,75967.39
19-02-2025,81553.1,92165.56,22932.9,75939.18
20-02-2025,82114.95,93409.94,22913.15,75735.96
21-02-2025,81649.73,91655.83,22795.9,75311.06
24-02-2025,82010.13,90623.16,22553.35,74454.41
25-02-2025,80952.81,88634.21,22547.55,74602.12
26-02-2025,81662.4,90299.54,22547.55,74602.12
27-02-2025,80796.77,89116.89,22545.05,74612.43
28-02-2025,79646.8,87651.35,22124.7,73198.1
03-03-2025,81273.37,90075.04,22119.3,73085.94
04-03-2025,81693.18,90150.01,22082.65,72989.93
05-03-2025,81747.69,92136.85,22337.3,73730.23
06-03-2025,81476.85,92363.33,22544.7,74340.09
07-03-2025,81368.08,91175.28,22552.5,74332.58
10-03-2025,80933.19,90353.47,22460.3,74115.17
11-03-2025,81809.72,92366.99,22497.9,74102.32
12-03-2025,82399.09,93874.02,22470.5,74029.76
13-03-2025,83801.1,95617.43,22397.2,73828.91
14-03-2025,83684.61,95539.34,22397.2,73828.91
17-03-2025,83854.62,95242.08,22508.75,74169.95
18-03-2025,84813.66,96628.49,22834.3,75301.26
19-03-2025,84503.86,94568.94,22907.6,75449.05
20-03-2025,84384.38,93783.25,23190.65,76348.06
21-03-2025,83778.29,92405.39,23350.4,76905.51
24-03-2025,83298.55,91962.63,23658.35,77984.38
25-03-2025,83149.35,93502.8,23668.65,78017.19
26-03-2025,83128.98,93651.85,23486.85,77288.5
27-03-2025,84707.29,96595.99,23591.95,77606.43
28-03-2025,85037.86,95449.59,23519.35,77414.92
31-03-2025,85881.26,94761.45,23519.35,77414.92
01-04-2025,85703.1,93861.52,23165.7,76024.51
02-04-2025,86423.5,94956.04,23332.35,76617.44
03-04-2025,85283.64,87690.41,23250.1,76295.36
04-04-2025,82586.29,79833.42,22904.45,75364.69
07-04-2025,81155.76,81147.51,22161.6,73137.9
08-04-2025,82100.96,81846.51,22535.85,74227.08
09-04-2025,84938.9,84266.39,22399.15,73847.15
10-04-2025,87452.46,85010.6,22399.15,73847.15
11-04-2025,89362.44,88258.65,22828.55,75157.26
14-04-2025,88810.44,88932.36,22828.55,75157.26
15-04-2025,89042.26,89152.92,23328.55,76734.89
16-04-2025,91687.0,90749.89,23437.2,77044.29
17-04-2025,91080.67,89244.57,23851.65,78553.2
21-04-2025,93764.61,89453.78,24125.55,79408.5
22-04-2025,93111.26,90022.88,24167.25,79595.59
23-04-2025,89779.97,91848.89,24328.95,80116.49
24-04-2025,91592.87,92038.18,24246.7,79801.43
25-04-2025,89973.4,90425.68,24039.35,79212.53
28-04-2025,91483.4,90563.77,24328.5,80218.37
29-04-2025,90867.66,91105.86,24335.95,80288.38
30-04-2025,90500.97,89079.79,24334.2,80242.24
01-05-2025,87239.49,87481.37,24334.2,80242.24
02-05-2025,88006.64,87108.04,24346.7,80501.99
05-05-2025,89987.35,87519.78,24461.15,80796.84
06-05-2025,92372.58,89662.11,24379.6,80641.07
07-05-2025,92182.53,88684.86,24414.4,80746.78
08-05-2025,89896.18,88292.74,24273.8,80334.81
09-05-2025,92310.76,90434.32,24008.0,79454.47
12-05-2025,88419.29,88935.53,24924.7,82429.9
13-05-2025,88515.62,89785.87,24578.35,81148.22
14-05-2025,87003.4,88130.13,24666.9,81330.56
15-05-2025,88520.62,89273.71,25062.1,82530.74
16-05-2025,87413.27,88341.8,25019.8,82330.59
19-05-2025,88759.18,88825.15,24945.45,82059.42
20-05-2025,90036.91,90522.74,24683.9,81186.44
21-05-2025,91007.39,92024.91,24813.45,81596.63
22-05-2025,90607.84,90949.1,24609.7,80951.99
23-05-2025,92975.19,92438.95,24853.15,81721.08
26-05-2025,92136.45,91605.04,25001.15,82176.45
27-05-2025,90326.06,90750.43,24826.2,81551.63
28-05-2025,90389.68,90565.32,24752.45,81312.32
29-05-2025,91061.71,91369.18,24833.6,81633.02
30-05-2025,90261.54,90269.77,24750.7,81451.01
02-06-2025,92680.38,95036.85,24716.6,81373.75
03-06-2025,91946.46,94693.71,24542.5,80737.51
04-06-2025,92960.23,95120.63,24620.2,80998.25
05-06-2025,92542.45,98568.88,24750.9,81442.04
06-06-2025,91740.6,99465.96,25003.05,82188.99
09-06-2025,91901.37,101187.76,25103.2,82445.21
10-06-2025,91561.17,100750.65,25104.25,82391.72
11-06-2025,91462.01,99593.99,25141.4,82515.14
12-06-2025,92904.36,99510.36,24888.2,81691.98
13-06-2025,94527.71,99952.19,24718.6,81118.6
16-06-2025,94181.36,100878.1,24946.5,81796.15
17-06-2025,93751.74,102676.78,24853.4,81583.3
18-06-2025,94122.05,102363.07,24812.05,81444.66
19-06-2025,94395.49,102660.46,24793.25,81361.87
20-06-2025,93758.94,100147.61,25112.4,82408.17
23-06-2025,94022.37,100636.26,24971.9,81896.79
24-06-2025,91973.43,98979.43,25044.35,82055.11
25-06-2025,91891.29,99663.28,25244.75,82755.51
26-06-2025,92176.62,101166.16,25549.0,83755.87
27-06-2025,90165.51,99254.49,25637.8,84058.9
30-06-2025,90512.05,98501.64,25517.05,83606.46
01-07-2025,91951.74,99433.66,25541.8,83697.29
02-07-2025,92186.51,100298.26,25453.4,83409.69
03-07-2025,91789.89,101344.68,25405.3,83239.47
04-07-2025,91412.9,100876.5,25461.0,83432.89
07-07-2025,91594.51,100646.21,25461.3,83442.5
08-07-2025,91322.54,100717.13,25522.5,83712.51
09-07-2025,91253.02,100167.25,25476.1,83536.08
10-07-2025,91414.02,102061.63,25355.25,83190.28
11-07-2025,92506.06,106607.99,25149.85,82500.47
14-07-2025,92475.22,106125.08,25082.3,82253.46
15-07-2025,92033.95,104571.22,25195.8,82570.91
16-07-2025,92687.99,104653.8,25212.05,82634.48
17-07-2025,92229.29,105083.02,25111.45,82259.24
18-07-2025,92759.38,105742.37,24968.4,81757.73
21-07-2025,94223.84,108299.68,25090.7,82200.34
22-07-2025,95308.59,108965.28,25060.9,82186.81
23-07-2025,94219.72,109035.15,25219.9,82726.64
24-07-2025,93639.05,108391.85,25062.1,82184.17
25-07-2025,92645.15,106058.41,24837.0,81463.09
28-07-2025,92033.88,105759.28,24680.9,80891.02
29-07-2025,92721.69,106253.02,24821.1,81337.95
30-07-2025,92254.29,105152.76,24855.05,81481.86
31-07-2025,92871.2,103079.92,24768.35,81185.58
01-08-2025,94165.77,103476.3,24565.35,80599.91
04-08-2025,94651.97,104323.62,24722.75,81018.72
05-08-2025,95566.92,106497.26,24649.55,80710.25
06-08-2025,95328.27,106513.83,24574.2,80543.99
07-08-2025,95943.88,107667.75,24596.15,80623.26
08-08-2025,96674.57,107991.82,24363.3,79857.79
11-08-2025,94316.47,105936.2,24585.05,80604.08
12-08-2025,94388.04,106817.53,24487.4,80235.59
13-08-2025,94589.85,108423.34,24619.35,80539.91
14-08-2025,93771.9,106789.53,24631.3,80597.66
15-08-2025,94053.75,106836.71,24631.3,80597.66
18-08-2025,93740.77,106779.01,24876.95,81273.75
19-08-2025,92993.97,104576.82,24980.65,81644.39
20-08-2025,93603.77,105561.11,25050.55,81857.84
21-08-2025,93356.46,106388.15,25083.75,82000.71
22-08-2025,94704.16,109463.79,24870.1,81306.85
25-08-2025,94727.13,108594.49,24967.75,81635.91
26-08-2025,95446.08,108673.22,24712.05,80786.54
27-08-2025,95888.11,108964.78,24712.05,80786.54
28-08-2025,96718.61,110449.39,24500.9,80080.57
29-08-2025,97824.2,113208.77,24426.85,79809.65
01-09-2025,98474.86,113961.76,24625.05,80364.49
02-09-2025,100423.56,116202.62,24579.6,80157.88
03-09-2025,101659.21,117531.08,24715.05,80567.71
04-09-2025,100969.64,115844.1,24734.3,80718.01
05-09-2025,102451.11,116464.0,24741.0,80710.76
08-09-2025,103149.43,117453.29,24773.15,80787.3
09-09-2025,103055.8,115629.09,24868.6,81101.32
10-09-2025,103342.85,116664.88,24973.1,81425.15
11-09-2025,102960.0,118043.47,25005.5,81548.73
12-09-2025,103565.2,120288.77,25114.0,81904.7
15-09-2025,104507.5,120670.94,25069.2,81785.74
16-09-2025,104515.25,120330.38,25239.1,82380.69
17-09-2025,104031.3,117887.82,25330.25,82693.71
18-09-2025,102985.34,117880.44,25423.6,83013.96
19-09-2025,104120.72,120628.59,25327.05,82626.23
22-09-2025,105953.64,124058.69,25202.35,82159.97
23-09-2025,107333.21,125463.4,25169.5,82102.1
24-09-2025,106560.54,124993.99,25056.9,81715.63
25-09-2025,106662.27,127578.57,24890.85,81159.68
26-09-2025,107751.65,131920.35,24654.7,80426.46
29-09-2025,108934.83,132892.0,24634.9,80364.94
30-09-2025,109536.39,131909.66,24611.1,80267.62
01-10-2025,110467.2,135074.18,24836.3,80983.31
02-10-2025,109478.47,131156.33,24836.3,80983.31
03-10-2025,110696.74,135766.67,24894.25,81207.17
06-10-2025,112646.74,137173.13,25077.65,81790.12
07-10-2025,113430.51,134575.72,25108.3,81926.75
08-10-2025,115361.04,138822.41,25046.15,81773.66
09-10-2025,112637.4,133721.76,25181.8,82172.1
10-10-2025,113595.0,134106.04,25285.35,82500.82
13-10-2025,117243.57,143051.65,25227.35,82327.05
14-10-2025,117979.82,143427.56,25145.5,82029.98
15-10-2025,119226.42,145783.99,25323.55,82605.43
16-10-2025,120836.09,149691.4,25585.3,83467.66
17-10-2025,118530.87,141063.59,25709.85,83952.19
20-10-2025,122691.48,144633.01,25843.15,84363.37
21-10-2025,115494.18,134065.59,25868.6,84426.34
22-10-2025,114428.9,134282.22,25868.6,84426.34
23-10-2025,116376.9,136763.66,25891.4,84556.4
24-10-2025,116227.85,136527.65,25795.15,84211.88
27-10-2025,113004.37,131480.29,25966.05,84778.84
28-10-2025,112497.55,133665.65,25936.2,84628.16
29-10-2025,112998.28,135361.37,26053.9,84997.13
30-10-2025,113652.0,137553.78,25877.85,84404.46
31-10-2025,113479.37,136766.84,25722.1,83938.71
03-11-2025,114176.38,136681.71,25763.35,83978.49
04-11-2025,112609.07,134439.43,25597.65,83459.15
05-11-2025,113550.0,136543.57,25597.65,83459.15
06-11-2025,113314.53,136077.66,25509.7,83311.01
07-11-2025,114019.01,136891.81,25492.3,83216.28
10-11-2025,117203.6,143025.56,25574.35,83535.35
11-11-2025,117125.91,144362.51,25694.95,83871.32
12-11-2025,119584.23,151690.29,25875.8,84466.51
13-11-2025,119258.12,151174.04,25879.15,84478.67
14-11-2025,116721.58,144459.95,25910.05,84562.78
17-11-2025,115995.07,144341.62,26013.45,84950.95
18-11-2025,115735.29,143767.89,25910.05,84673.02
19-11-2025,116098.94,144607.63,26052.65,85186.47
20-11-2025,115404.56,142949.18,26192.15,85632.68
21-11-2025,116247.93,142213.88,26068.15,85231.92
24-11-2025,117920.38,144940.13,25959.5,84900.71
25-11-2025,118636.44,145985.41,25884.8,84587.01
26-11-2025,119385.39,151670.92,26205.3,85609.51
27-11-2025,119402.01,151692.03,26215.55,85720.38
28-11-2025,121197.87,162177.54,26202.95,85706.67
01-12-2025,121781.06,167815.58,26175.75,85641.9
02-12-2025,120620.77,167055.71,26032.2,85138.27
03-12-2025,121397.77,167444.12,25986.0,85106.81
04-12-2025,122102.14,164802.24,26033.75,85265.32
05-12-2025,121681.5,168740.7,26186.45,85712.37
08-12-2025,121075.99,167072.25,25960.55,85102.69
09-12-2025,121899.52,174354.52,25839.65,84666.28
10-12-2025,121313.54,174549.38,25758.0,84391.27
11-12-2025,123718.61,184557.4,25898.55,84818.13
12-12-2025,124776.06,178054.19,26046.95,85267.66
15-12-2025,125416.2,183288.72,26027.3,85213.36
16-12-2025,125628.78,182992.78,25860.1,84679.86
17-12-2025,127124.16,193681.95,25818.55,84559.65
18-12-2025,126143.53,187760.42,25815.55,84481.81
19-12-2025,126558.72,193970.24,25966.4,84929.36
22-12-2025,127993.03,195551.78,26172.4,85567.48
23-12-2025,129141.94,203055.46,26177.15,85524.84
24-12-2025,128940.28,204409.15,26142.1,85408.7
26-12-2025,131206.76,221577.81,26042.3,85041.45
29-12-2025,124912.31,201749.66,25942.1,84695.54
30-12-2025,126311.28,223638.11,25938.85,84675.08
31-12-2025,124843.45,202417.48,26129.6,85220.6
01-01-2026,124843.45,202417.48,26146.55,85188.6
02-01-2026,124787.21,204072.1,26328.55,85762.01
05-01-2026,128394.67,220402.81,26250.3,85439.62
06-01-2026,130031.24,233622.23,26178.7,85063.34
07-01-2026,128981.08,223607.23,26140.75,84961.14
08-01-2026,128561.08,215870.05,25876.85,84180.96
09-01-2026,129793.28,228016.25,25683.3,83576.24
12-01-2026,133577.86,245466.71,25790.25,83878.17
13-01-2026,132987.38,248857.25,25732.3,83627.69
14-01-2026,134271.15,263733.15,25665.6,83382.71
15-01-2026,133847.63,266390.52,25665.6,83382.71
16-01-2026,133301.87,255921.37,25694.35,83570.35
19-01-2026,133804.03,256885.45,25585.5,83246.18
20-01-2026,139106.34,275330.95,25232.5,82180.47
21-01-2026,141548.76,270131.46,25157.5,81909.63
22-01-2026,144464.99,282455.42,25289.9,82307.37
23-01-2026,146482.79,297089.66,25048.65,81537.7
26-01-2026,149435.91,338545.28,25048.65,81537.7
27-01-2026,149788.19,311149.82,25175.4,81857.48
28-01-2026,156020.58,332873.93,25342.75,82344.68
29-01-2026,157381.05,337456.07,25418.9,82566.37
30-01-2026,139100.42,231022.56,25320.65,82269.78
02-02-2026,136262.3,226326.6,25088.4,81666.46
03-02-2026,142279.06,240943.32,25727.55,83739.13
04-02-2026,143044.08,244681.43,25776.0,83817.69
05-02-2026,140863.24,221749.36,25642.8,83313.93
06-02-2026,143767.41,222814.51,25693.7,83580.4
09-02-2026,147106.03,239012.0,25867.3,84065.75
10-02-2026,146112.0,234238.24,25935.15,84273.92
11-02-2026,147708.76,243930.89,25953.85,84233.64
12-02-2026,143635.2,220384.34,25807.2,83674.92
13-02-2026,146225.75,226679.02,25471.1,82626.76
16-02-2026,146237.21,226696.78,25682.75,83277.15
17-02-2026,142519.21,214372.78,25725.4,83450.96
18-02-2026,145291.65,225837.97,25819.35,83734.25
19-02-2026,145250.44,226418.36,25454.35,82498.14
20-02-2026,148087.69,240845.57,25571.25,82814.71
23-02-2026,151817.35,252381.36,25713.0,83294.66
24-02-2026,150877.48,255931.04,25424.65,82225.92
25-02-2026,152187.32,265822.12,25482.5,82276.07
26-02-2026,151368.23,254394.55,25496.55,82248.61
27-02-2026,153042.12,271183.44,25178.65,81287.19
02-03-2026,155034.7,258520.0,24865.7,80238.85
03-03-2026,150353.26,244111.34,24865.7,80238.85
04-03-2026,151462.95,244440.42,24480.5,79116.19
05-03-2026,150025.23,241942.45,24765.9,80015.9
06-03-2026,151862.31,247342.49,24450.45,78918.9
09-03-2026,150495.45,248383.25,24028.05,77566.16
10-03-2026,153377.36,261263.84,24261.6,78205.98
11-03-2026,153119.19,252062.64,23866.85,76863.71
12-03-2026,151694.96,251065.57,23639.15,76034.42
13-03-2026,150079.68,240347.3,23151.1,74563.92
16-03-2026,148620.88,238861.79,23408.8,75502.85
17-03-2026,148377.55,235962.14,23581.15,76070.84
18-03-2026,148377.55,235962.14,23581.15,76070.84
