Date,Impact
2018-01-01,-0.59
2018-01-02,-0.54
2018-01-03,-0.56
2018-01-04,-0.6
2018-01-05,-0.55
2018-01-06,-0.55
2018-01-07,-0.53
2018-01-08,-0.56
2018-01-09,-0.6
2018-01-10,-0.6
2018-01-11,-0.57
2018-01-12,-0.56
2018-01-13,-0.54
2018-01-14,-0.59
2018-01-15,-0.62
2018-01-16,-0.6
2018-01-17,-0.46
2018-01-18,-0.59
2018-01-22,-1.0
2018-01-26,-1.0
2018-01-29,-1.0
2018-02-02,-1.0
2018-02-05,-0.98
2018-02-09,-1.0
2018-02-12,-1.0
2018-02-16,-1.0
2018-02-20,-1.0
2018-02-23,-1.0
2018-02-27,-1.0
2018-03-02,-1.0
2018-03-06,-1.0
2018-03-09,-1.0
2018-03-13,-1.0
2018-03-20,-0.98
2018-03-22,-1.0
2018-03-24,-1.0
2018-03-27,-1.0
2018-03-31,-1.0
2018-04-11,-0.99
2018-04-14,-1.0
2018-04-18,-1.0
2018-04-21,-0.92
2018-04-25,-0.95
2018-04-28,-1.0
2018-05-06,-1.0
2018-05-09,-0.99
2018-05-13,0.71
2018-05-16,-0.98
2018-05-20,-0.99
2018-05-23,-1.0
2018-05-27,-0.95
2018-05-31,-0.01
2018-06-03,-1.0
2018-06-07,-1.0
2018-06-10,-1.0
2018-06-17,-1.0
2018-06-21,-0.93
2018-06-25,-0.71
2018-06-28,-1.0
2018-07-05,-0.9
2018-07-09,-0.72
2018-07-12,-1.0
2018-07-16,-1.0
2018-07-20,-0.99
2018-07-23,-1.0
2018-07-27,-0.93
2018-07-30,-1.0
2018-08-03,-1.0
2018-08-06,-1.0
2018-08-10,-1.0
2018-08-14,-1.0
2018-08-17,0.99
2018-08-21,-1.0
2018-08-24,-0.99
2018-08-28,-1.0
2018-08-31,-1.0
2018-09-04,-0.99
2018-09-11,-1.0
2018-09-15,0.99
2018-09-18,1.0
2018-09-22,0.22
2018-09-25,0.93
2018-09-29,-0.88
2018-10-03,-0.99
2018-10-06,0.95
2018-10-10,0.94
2018-10-13,0.88
2018-10-17,-0.98
2018-10-24,-0.9
2018-10-28,-1.0
2018-10-31,-1.0
2018-11-04,-1.0
2018-11-07,-1.0
2018-11-11,-1.0
2018-11-14,-1.0
2018-11-18,-1.0
2018-11-22,-1.0
2018-11-25,-1.0
2018-11-29,-0.99
2018-12-06,-0.54
2018-12-09,-1.0
2018-12-17,-0.99
2018-12-20,-0.88
2018-12-24,-0.99
2018-12-27,-0.98
2018-12-31,-0.99
2019-01-01,-0.36
2019-01-02,-0.17
2019-01-03,-0.39
2019-01-04,-0.66
2019-01-05,-0.31
2019-01-06,-0.59
2019-01-07,-0.2
2019-01-08,-0.44
2019-01-09,-0.37
2019-01-10,-0.4
2019-01-11,-0.33
2019-01-12,-0.35
2019-01-13,-0.45
2019-01-14,-0.56
2019-01-15,-0.39
2019-01-16,-0.43
2019-01-17,-0.05
2019-01-18,-0.35
2019-01-19,-0.45
2019-01-20,-0.55
2019-01-21,-0.62
2019-01-22,-0.34
2019-01-23,-0.28
2019-01-24,-0.62
2019-01-25,-0.38
2019-01-26,-0.39
2019-01-27,-0.43
2019-01-28,-0.39
2019-01-29,-0.57
2019-01-30,-0.22
2019-01-31,-0.33
2019-02-01,-0.29
2019-02-02,-0.59
2019-02-03,-0.24
2019-02-04,-0.14
2019-02-05,-0.53
2019-02-06,-0.33
2019-02-07,-0.16
2019-02-08,-0.3
2019-02-09,-0.32
2019-02-10,-0.38
2019-02-11,-0.53
2019-02-12,-0.43
2019-02-13,-0.41
2019-02-14,-0.52
2019-02-15,-0.33
2019-02-16,-0.05
2019-02-17,-0.73
2019-02-18,-0.41
2019-02-19,-0.14
2019-02-20,-0.49
2019-02-21,-0.65
2019-02-22,-0.35
2019-02-23,-0.3
2019-02-24,-0.56
2019-02-25,-0.45
2019-02-26,-0.39
2019-02-27,-0.31
2019-02-28,-0.31
2019-03-01,-0.08
2019-03-02,-0.59
2019-03-03,-0.27
2019-03-04,-0.43
2019-03-05,-0.22
2019-03-06,-0.4
2019-03-07,-0.58
2019-03-08,-0.6
2019-03-09,-0.38
2019-03-10,-0.45
2019-03-11,-0.35
2019-03-12,-0.32
2019-03-13,-0.48
2019-03-14,-0.35
2019-03-15,-0.67
2019-03-16,-0.47
2019-03-17,-0.55
2019-03-18,-0.0
2019-03-19,-0.52
2019-03-20,-0.5
2019-03-21,-0.66
2019-03-22,-0.16
2019-03-23,-0.51
2019-03-24,-0.4
2019-03-25,-0.45
2019-03-26,-0.39
2019-03-27,-0.52
2019-03-28,-0.72
2019-03-29,-0.41
2019-03-30,-0.14
2019-03-31,-0.36
2019-04-01,-0.36
2019-04-02,-0.45
2019-04-03,-0.17
2019-04-04,-0.11
2019-04-05,-0.54
2019-04-06,-0.22
2019-04-07,-0.15
2019-04-08,-0.58
2019-04-09,-0.25
2019-04-10,-0.38
2019-04-11,-0.37
2019-04-12,-0.43
2019-04-13,-0.43
2019-04-14,-0.22
2019-04-15,-0.23
2019-04-16,-0.24
2019-04-17,-0.32
2019-04-18,-0.18
2019-04-19,-0.46
2019-04-20,-0.99
2019-04-21,-0.29
2019-04-22,-0.66
2019-04-23,-0.34
2019-04-24,-0.59
2019-04-25,-0.43
2019-04-26,-0.21
2019-04-27,-0.39
2019-04-28,-0.49
2019-04-29,-0.3
2019-04-30,-0.42
2019-05-01,-0.49
2019-05-02,-0.39
2019-05-03,0.02
2019-05-04,-0.6
2019-05-05,-0.66
2019-05-06,-0.3
2019-05-07,-0.1
2019-05-08,-0.05
2019-05-09,-0.31
2019-05-10,-0.44
2019-05-11,-0.06
2019-05-12,-0.68
2019-05-13,-0.29
2019-05-14,-0.11
2019-05-15,-0.4
2019-05-16,-0.03
2019-05-17,-0.1
2019-05-18,-0.36
2019-05-19,-0.57
2019-05-20,-0.15
2019-05-21,-0.42
2019-05-22,-0.08
2019-05-23,-0.6
2019-05-24,-0.42
2019-05-25,0.04
2019-05-26,-0.19
2019-05-27,-0.01
2019-05-28,-0.54
2019-05-29,-0.64
2019-05-30,-0.55
2019-05-31,-0.55
2019-06-01,-0.21
2019-06-02,-0.15
2019-06-03,-0.33
2019-06-04,-0.3
2019-06-05,-0.4
2019-06-06,-0.12
2019-06-07,-0.22
2019-06-08,-0.21
2019-06-09,-0.46
2019-06-10,-0.68
2019-06-11,-0.47
2019-06-12,-0.41
2019-06-13,-0.19
2019-06-14,-0.53
2019-06-15,-0.34
2019-06-16,-0.29
2019-06-17,-0.43
2019-06-18,-0.32
2019-06-19,-0.16
2019-06-20,-0.23
2019-06-21,-0.5
2019-06-22,-0.63
2019-06-23,-0.25
2019-06-24,-0.49
2019-06-25,-0.38
2019-06-26,0.11
2019-06-27,-0.12
2019-06-28,-0.35
2019-06-29,-0.62
2019-06-30,-0.26
2019-07-01,-0.67
2019-07-02,-0.71
2019-07-03,-0.29
2019-07-04,-0.21
2019-07-05,-0.58
2019-07-06,-0.1
2019-07-07,-0.46
2019-07-08,-0.14
2019-07-09,-0.56
2019-07-10,-0.35
2019-07-11,-0.06
2019-07-12,-0.48
2019-07-13,-0.2
2019-07-14,-0.17
2019-07-15,-0.19
2019-07-16,-0.54
2019-07-17,-0.8
2019-07-18,-0.34
2019-07-19,-0.46
2019-07-20,-0.27
2019-07-21,-0.45
2019-07-22,-0.15
2019-07-23,-0.51
2019-07-24,-0.18
2019-07-25,-0.36
2019-07-26,-0.63
2019-07-27,-0.35
2019-07-28,-0.55
2019-07-29,-0.34
2019-07-30,-0.25
2019-07-31,-0.63
2019-08-01,-0.53
2019-08-02,-0.49
2019-08-03,-0.02
2019-08-04,-0.67
2019-08-05,-0.65
2019-08-06,-0.38
2019-08-07,-0.63
2019-08-08,-0.64
2019-08-09,-0.14
2019-08-10,-0.59
2019-08-11,-0.3
2019-08-12,-0.54
2019-08-13,-0.52
2019-08-14,-0.51
2019-08-15,-0.08
2019-08-16,-0.43
2019-08-17,-0.52
2019-08-18,-0.05
2019-08-19,-0.67
2019-08-20,-0.08
2019-08-21,0.0
2019-08-22,-0.39
2019-08-23,-0.37
2019-08-24,-0.24
2019-08-25,-0.41
2019-08-26,-0.04
2019-08-27,-0.58
2019-08-28,-0.45
2019-08-29,-0.49
2019-08-30,-0.12
2019-08-31,-0.42
2019-09-01,-0.37
2019-09-02,-0.34
2019-09-03,-0.21
2019-09-04,0.13
2019-09-05,0.06
2019-09-06,-0.43
2019-09-07,-0.51
2019-09-08,-0.56
2019-09-09,-0.33
2019-09-10,-0.31
2019-09-11,-0.53
2019-09-12,-0.35
2019-09-13,-0.11
2019-09-14,-0.8
2019-09-15,-0.34
2019-09-16,-0.62
2019-09-17,-0.39
2019-09-18,-0.19
2019-09-19,-0.45
2019-09-20,-0.57
2019-09-21,-0.31
2019-09-22,-0.19
2019-09-23,-0.25
2019-09-24,-0.45
2019-09-25,-0.46
2019-09-26,-0.16
2019-09-27,-0.59
2019-09-28,-0.34
2019-09-29,-0.36
2019-09-30,-0.44
2019-10-01,-0.19
2019-10-02,-0.55
2019-10-03,-0.34
2019-10-04,-0.41
2019-10-05,-0.62
2019-10-06,-0.5
2019-10-07,-0.36
2019-10-08,0.24
2019-10-09,-0.47
2019-10-10,-0.38
2019-10-11,-0.31
2019-10-12,-0.24
2019-10-13,-0.74
2019-10-14,-0.2
2019-10-15,-0.26
2019-10-16,-0.69
2019-10-17,0.1
2019-10-18,-0.53
2019-10-19,-0.44
2019-10-20,-0.56
2019-10-21,-0.29
2019-10-22,-0.52
2019-10-23,-0.21
2019-10-24,0.11
2019-10-25,-0.26
2019-10-26,-0.28
2019-10-27,-0.51
2019-10-28,-0.33
2019-10-29,-0.27
2019-10-30,-0.59
2019-10-31,-0.21
2019-11-01,-0.52
2019-11-02,-0.06
2019-11-03,-0.23
2019-11-04,-0.71
2019-11-05,-0.15
2019-11-06,-0.6
2019-11-07,-0.4
2019-11-08,-0.39
2019-11-09,-0.41
2019-11-10,-0.58
2019-11-11,-0.19
2019-11-12,-0.28
2019-11-13,-0.64
2019-11-14,-0.39
2019-11-15,-0.22
2019-11-16,-0.18
2019-11-17,-0.8
2019-11-18,-0.24
2019-11-19,-0.51
2019-11-20,-0.14
2019-11-21,-0.67
2019-11-22,-0.21
2019-11-23,-0.39
2019-11-24,-0.34
2019-11-25,-0.21
2019-11-26,-0.7
2019-11-27,-0.66
2019-11-28,-0.43
2019-11-29,-0.39
2019-11-30,-0.12
2019-12-01,-0.5
2019-12-02,-0.19
2019-12-03,-0.41
2019-12-04,-0.42
2019-12-05,-0.34
2019-12-06,-0.15
2019-12-07,-0.2
2019-12-08,-0.18
2019-12-09,-0.47
2019-12-10,-0.28
2019-12-11,-0.32
2019-12-12,-0.56
2019-12-13,-0.49
2019-12-14,0.02
2019-12-15,-0.24
2019-12-16,-0.32
2019-12-17,-0.44
2019-12-18,-0.3
2019-12-19,-0.19
2019-12-20,-0.24
2019-12-21,-0.04
2019-12-22,-0.36
2019-12-23,-0.47
2019-12-24,-0.27
2019-12-25,-0.32
2019-12-26,-0.69
2019-12-27,-0.18
2019-12-28,-0.22
2019-12-29,-0.24
2019-12-30,-0.5
2019-12-31,-0.3
2020-01-01,-0.45
2020-01-02,-0.44
2020-01-03,-0.43
2020-01-04,-0.07
2020-01-05,0.04
2020-01-06,0.12
2020-01-07,-0.25
2020-01-08,0.1
2020-01-09,0.05
2020-01-10,-0.05
2020-01-11,-0.11
2020-01-12,-0.2
2020-01-13,-0.29
2020-01-14,-0.2
2020-01-15,-0.4
2020-01-16,-0.35
2020-01-17,-0.29
2020-01-18,-0.41
2020-01-19,-0.17
2020-01-20,-0.06
2020-01-21,-0.2
2020-01-22,-0.37
2020-01-23,-0.17
2020-01-24,-0.32
2020-01-25,-0.5
2020-01-26,-0.33
2020-01-27,-0.39
2020-01-28,-0.16
2020-01-29,-0.21
2020-01-30,-0.43
2020-01-31,-0.43
2020-02-01,-0.01
2020-02-02,-0.28
2020-02-03,-0.2
2020-02-04,-0.41
2020-02-05,0.03
2020-02-06,-0.43
2020-02-07,-0.26
2020-02-08,-0.07
2020-02-09,-0.43
2020-02-10,-0.41
2020-02-11,-0.51
2020-02-12,-0.46
2020-02-13,-0.4
2020-02-14,-0.34
2020-02-15,-0.23
2020-02-16,-0.22
2020-02-17,-0.09
2020-02-18,-0.37
2020-02-19,-0.07
2020-02-20,-0.17
2020-02-21,-0.24
2020-02-22,-0.54
2020-02-23,-0.3
2020-02-24,-0.35
2020-02-25,-0.65
2020-02-26,-0.68
2020-02-27,-0.62
2020-02-28,-0.39
2020-02-29,-0.44
2020-03-01,-0.61
2020-03-02,-0.28
2020-03-03,-0.43
2020-03-04,-0.62
2020-03-05,-0.55
2020-03-06,-0.49
2020-03-07,-0.35
2020-03-08,-0.47
2020-03-09,-0.5
2020-03-10,-0.42
2020-03-11,-0.25
2020-03-12,-0.36
2020-03-13,-0.59
2020-03-14,-0.34
2020-03-15,-0.57
2020-03-16,-0.55
2020-03-17,-0.48
2020-03-18,-0.51
2020-03-19,-0.38
2020-03-20,-0.41
2020-03-21,-0.58
2020-03-22,-0.53
2020-03-23,-0.43
2020-03-24,-0.56
2020-03-25,-0.5
2020-03-26,-0.42
2020-03-27,-0.47
2020-03-28,-0.38
2020-03-29,-0.28
2020-03-30,-0.31
2020-03-31,-0.29
2020-04-01,-0.01
2020-04-02,-0.18
2020-04-03,-0.37
2020-04-04,-0.17
2020-04-05,-0.23
2020-04-06,-0.45
2020-04-07,-0.29
2020-04-08,-0.32
2020-04-09,-0.2
2020-04-10,-0.58
2020-04-11,0.04
2020-04-12,-0.51
2020-04-13,-0.09
2020-04-14,-0.2
2020-04-15,-0.46
2020-04-16,-0.42
2020-04-17,-0.53
2020-04-18,-0.3
2020-04-19,-0.5
2020-04-20,-0.48
2020-04-21,-0.52
2020-04-22,-0.3
2020-04-23,-0.63
2020-04-24,-0.5
2020-04-25,-0.56
2020-04-26,-0.7
2020-04-27,-0.58
2020-04-28,-0.64
2020-04-29,-0.63
2020-04-30,-0.6
2020-05-01,-0.64
2020-05-02,-0.37
2020-05-03,-0.46
2020-05-04,-0.53
2020-05-05,-0.52
2020-05-06,-0.46
2020-05-07,-0.55
2020-05-08,-0.57
2020-05-09,-0.44
2020-05-10,-0.42
2020-05-11,-0.54
2020-05-12,-0.75
2020-05-13,-0.5
2020-05-14,-0.52
2020-05-15,-0.5
2020-05-16,-0.51
2020-05-17,-0.48
2020-05-18,-0.19
2020-05-19,-0.48
2020-05-20,-0.84
2020-05-21,-0.45
2020-05-22,-0.17
2020-05-23,-0.6
2020-05-24,-0.4
2020-05-25,-0.67
2020-05-26,-0.42
2020-05-27,-0.46
2020-05-28,-0.6
2020-05-29,-0.31
2020-05-30,-0.43
2020-05-31,-0.46
2020-06-01,-0.24
2020-06-02,-0.66
2020-06-03,-0.55
2020-06-04,-0.49
2020-06-05,-0.63
2020-06-06,-0.62
2020-06-07,-0.75
2020-06-08,-0.8
2020-06-09,-0.38
2020-06-10,-0.63
2020-06-11,-0.62
2020-06-12,-0.19
2020-06-13,-0.52
2020-06-14,-0.37
2020-06-15,-0.57
2020-06-16,-0.58
2020-06-17,-0.29
2020-06-18,-0.71
2020-06-19,-0.35
2020-06-20,-0.75
2020-06-21,-0.7
2020-06-22,-0.31
2020-06-23,-0.53
2020-06-24,-0.46
2020-06-25,-0.42
2020-06-26,-0.81
2020-06-27,-0.47
2020-06-28,-0.51
2020-06-29,-0.59
2020-06-30,-0.66
2020-07-01,-0.15
2020-07-02,-0.74
2020-07-03,-0.54
2020-07-04,-0.35
2020-07-05,-0.29
2020-07-06,-0.43
2020-07-07,-0.56
2020-07-08,-0.41
2020-07-09,-0.82
2020-07-10,-0.57
2020-07-11,-0.59
2020-07-12,-0.37
2020-07-13,-0.47
2020-07-14,-0.37
2020-07-15,-0.39
2020-07-16,-0.54
2020-07-17,-0.46
2020-07-18,-0.67
2020-07-19,-0.44
2020-07-20,-0.39
2020-07-21,-0.71
2020-07-22,-0.21
2020-07-23,-0.51
2020-07-24,-0.43
2020-07-25,-0.37
2020-07-26,-0.37
2020-07-27,-0.65
2020-07-28,-0.66
2020-07-29,-0.5
2020-07-30,-0.61
2020-07-31,-0.4
2020-08-01,-0.58
2020-08-02,-0.3
2020-08-03,-0.59
2020-08-04,-0.33
2020-08-05,-0.6
2020-08-06,-0.53
2020-08-07,-0.39
2020-08-08,-0.51
2020-08-09,-0.46
2020-08-10,-0.27
2020-08-11,-0.5
2020-08-12,-0.49
2020-08-13,-0.62
2020-08-14,-0.77
2020-08-15,-0.39
2020-08-16,-0.45
2020-08-17,-0.28
2020-08-18,-0.5
2020-08-19,-0.51
2020-08-20,-0.12
2020-08-21,-0.5
2020-08-22,-0.33
2020-08-23,-0.18
2020-08-24,-0.72
2020-08-25,-0.29
2020-08-26,-0.48
2020-08-27,-0.34
2020-08-28,-0.3
2020-08-29,-0.05
2020-08-30,-0.38
2020-08-31,-0.27
2020-09-01,-0.61
2020-09-02,-0.66
2020-09-03,-0.28
2020-09-04,-0.48
2020-09-05,-0.59
2020-09-06,-0.47
2020-09-07,-0.62
2020-09-08,-0.33
2020-09-09,-0.42
2020-09-10,-0.45
2020-09-11,-0.1
2020-09-12,-0.33
2020-09-13,-0.15
2020-09-14,-0.2
2020-09-15,-0.64
2020-09-16,-0.7
2020-09-17,-0.48
2020-09-18,-0.49
2020-09-19,-0.76
2020-09-20,-0.39
2020-09-21,-0.22
2020-09-22,-0.35
2020-09-23,-0.67
2020-09-24,-0.5
2020-09-25,-0.49
2020-09-26,-0.01
2020-09-27,-0.47
2020-09-28,-0.57
2020-09-29,-0.22
2020-09-30,-0.32
2020-10-01,-0.44
2020-10-02,-0.4
2020-10-03,-0.61
2020-10-04,-0.52
2020-10-05,-0.21
2020-10-06,-0.5
2020-10-07,-0.32
2020-10-08,-0.27
2020-10-09,-0.21
2020-10-10,-0.19
2020-10-11,-0.78
2020-10-12,-0.48
2020-10-13,-0.58
2020-10-14,0.0
2020-10-15,-0.67
2020-10-16,-0.53
2020-10-17,-0.74
2020-10-18,-0.41
2020-10-19,-0.47
2020-10-20,-0.29
2020-10-21,-0.47
2020-10-22,-0.63
2020-10-23,-0.44
2020-10-24,-0.63
2020-10-25,-0.48
2020-10-26,-0.45
2020-10-27,-0.5
2020-10-28,-0.6
2020-10-29,-0.23
2020-10-30,-0.58
2020-10-31,-0.55
2020-11-01,-0.31
2020-11-02,-0.63
2020-11-03,-0.66
2020-11-04,-0.32
2020-11-05,-0.59
2020-11-06,-0.37
2020-11-07,-0.44
2020-11-08,-0.33
2020-11-09,-0.5
2020-11-10,-0.51
2020-11-11,-0.61
2020-11-12,-0.32
2020-11-13,-0.51
2020-11-14,-0.35
2020-11-15,-0.31
2020-11-16,-0.58
2020-11-17,-0.4
2020-11-18,-0.73
2020-11-19,-0.28
2020-11-20,-0.39
2020-11-21,-0.3
2020-11-22,-0.42
2020-11-23,-0.62
2020-11-24,-0.45
2020-11-25,-0.52
2020-11-26,-0.41
2020-11-27,0.1
2020-11-28,-0.75
2020-11-29,-0.45
2020-11-30,-0.2
2020-12-01,-0.35
2020-12-02,-0.17
2020-12-03,-0.22
2020-12-04,-0.45
2020-12-05,-0.23
2020-12-06,-0.1
2020-12-07,-0.34
2020-12-08,-0.2
2020-12-09,-0.17
2020-12-10,-0.05
2020-12-11,-0.04
2020-12-12,-0.43
2020-12-13,-0.22
2020-12-14,-0.03
2020-12-15,-0.31
2020-12-16,-0.29
2020-12-17,-0.36
2020-12-18,-0.53
2020-12-19,-0.28
2020-12-20,-0.67
2020-12-21,-0.46
2020-12-22,-0.48
2020-12-23,-0.47
2020-12-24,-0.29
2020-12-25,-0.31
2020-12-26,-0.4
2020-12-27,-0.44
2020-12-28,-0.57
2020-12-29,-0.28
2020-12-30,-0.39
2020-12-31,-0.31
2021-01-01,-0.44
2021-01-02,-0.54
2021-01-03,-0.67
2021-01-04,-0.24
2021-01-05,-0.51
2021-01-06,-0.26
2021-01-07,-0.24
2021-01-08,0.06
2021-01-09,0.06
2021-01-10,-0.18
2021-01-11,-0.4
2021-01-12,-0.18
2021-01-13,-0.35
2021-01-14,-0.06
2021-01-15,-0.15
2021-01-16,-0.22
2021-01-17,0.28
2021-01-18,0.04
2021-01-19,-0.21
2021-01-20,-0.37
2021-01-21,-0.17
2021-01-22,-0.14
2021-01-23,-0.27
2021-01-24,-0.11
2021-01-25,-0.39
2021-01-26,-0.55
2021-01-27,-0.32
2021-01-28,-0.17
2021-01-29,-0.27
2021-01-30,-0.35
2021-01-31,0.07
2021-02-01,-0.43
2021-02-02,-0.39
2021-02-03,-0.47
2021-02-04,-0.44
2021-02-05,-0.3
2021-02-06,-0.32
2021-02-07,-0.4
2021-02-08,-0.19
2021-02-09,-0.6
2021-02-10,-0.37
2021-02-11,-0.14
2021-02-12,0.02
2021-02-13,-0.28
2021-02-14,-0.48
2021-02-15,-0.36
2021-02-16,-0.25
2021-02-17,-0.14
2021-02-18,-0.5
2021-02-19,-0.28
2021-02-20,-0.38
2021-02-21,-0.29
2021-02-22,-0.56
2021-02-23,-0.07
2021-02-24,-0.04
2021-02-25,-0.63
2021-02-26,-0.48
2021-02-27,-0.41
2021-02-28,-0.29
2021-03-01,-0.06
2021-03-02,-0.11
2021-03-03,-0.06
2021-03-04,-0.49
2021-03-05,0.0
2021-03-06,-0.43
2021-03-07,-0.33
2021-03-08,-0.29
2021-03-09,-0.6
2021-03-10,0.15
2021-03-11,-0.29
2021-03-12,-0.13
2021-03-13,-0.15
2021-03-14,-0.35
2021-03-15,-0.05
2021-03-16,-0.35
2021-03-17,-0.45
2021-03-18,-0.45
2021-03-19,-0.26
2021-03-20,-0.22
2021-03-21,-0.25
2021-03-22,-0.25
2021-03-23,-0.33
2021-03-24,-0.59
2021-03-25,-0.69
2021-03-26,-0.31
2021-03-27,-0.64
2021-03-28,-0.58
2021-03-29,-0.49
2021-03-30,-0.48
2021-03-31,-0.24
2021-04-01,-0.47
2021-04-02,-0.39
2021-04-03,-0.52
2021-04-04,-0.6
2021-04-05,-0.36
2021-04-06,-0.51
2021-04-07,-0.54
2021-04-08,-0.23
2021-04-09,-0.39
2021-04-10,-0.45
2021-04-11,-0.33
2021-04-12,-0.26
2021-04-13,-0.59
2021-04-14,-0.6
2021-04-15,-0.37
2021-04-16,-0.38
2021-04-17,-0.47
2021-04-18,-0.56
2021-04-19,-0.51
2021-04-20,-0.29
2021-04-21,-0.46
2021-04-22,-0.53
2021-04-23,-0.45
2021-04-24,-0.56
2021-04-25,-0.48
2021-04-26,-0.4
2021-04-27,-0.28
2021-04-28,-0.18
2021-04-29,-0.58
2021-04-30,-0.48
2021-05-01,-0.33
2021-05-02,-0.48
2021-05-03,-0.53
2021-05-04,-0.28
2021-05-05,-0.46
2021-05-06,-0.53
2021-05-07,-0.27
2021-05-08,-0.3
2021-05-09,-0.11
2021-05-10,-0.52
2021-05-11,-0.46
2021-05-12,-0.24
2021-05-13,-0.54
2021-05-14,-0.46
2021-05-15,-0.36
2021-05-16,-0.32
2021-05-17,-0.55
2021-05-18,-0.64
2021-05-19,-0.65
2021-05-20,-0.51
2021-05-21,-0.52
2021-05-22,-0.54
2021-05-23,-0.61
2021-05-24,-0.35
2021-05-25,-0.36
2021-05-26,-0.24
2021-05-27,-0.74
2021-05-28,-0.49
2021-05-29,-0.49
2021-05-30,-0.44
2021-05-31,-0.44
2021-06-01,-0.46
2021-06-02,-0.36
2021-06-03,-0.59
2021-06-04,-0.54
2021-06-05,-0.28
2021-06-06,-0.63
2021-06-07,-0.54
2021-06-08,-0.66
2021-06-09,-0.51
2021-06-10,-0.23
2021-06-11,-0.69
2021-06-12,-0.58
2021-06-13,-0.53
2021-06-14,-0.53
2021-06-15,-0.65
2021-06-16,-0.27
2021-06-17,-0.3
2021-06-18,-0.27
2021-06-19,-0.52
2021-06-20,-0.62
2021-06-21,-0.42
2021-06-22,-0.52
2021-06-23,-0.5
2021-06-24,-0.49
2021-06-25,-0.34
2021-06-26,-0.64
2021-06-27,-0.26
2021-06-28,-0.44
2021-06-29,-0.4
2021-06-30,-0.47
2021-07-01,-0.61
2021-07-02,-0.45
2021-07-03,-0.49
2021-07-04,-0.53
2021-07-05,-0.29
2021-07-06,-0.28
2021-07-07,-0.51
2021-07-08,-0.38
2021-07-09,-0.43
2021-07-10,-0.52
2021-07-11,-0.29
2021-07-12,-0.75
2021-07-13,-0.42
2021-07-14,-0.38
2021-07-15,-0.4
2021-07-16,-0.49
2021-07-17,-0.37
2021-07-18,-0.69
2021-07-19,-0.67
2021-07-20,-0.45
2021-07-21,-0.61
2021-07-22,-0.38
2021-07-23,-0.54
2021-07-24,-0.68
2021-07-25,-0.19
2021-07-26,-0.64
2021-07-27,-0.44
2021-07-28,-0.35
2021-07-29,-0.37
2021-07-30,-0.29
2021-07-31,-0.35
2021-08-01,-0.26
2021-08-02,-0.4
2021-08-03,-0.56
2021-08-04,-0.22
2021-08-05,-0.42
2021-08-06,-0.56
2021-08-07,-0.42
2021-08-08,-0.18
2021-08-09,-0.42
2021-08-10,-0.36
2021-08-11,-0.81
2021-08-12,-0.43
2021-08-13,-0.62
2021-08-14,-0.29
2021-08-15,-0.23
2021-08-16,-0.58
2021-08-17,-0.5
2021-08-18,-0.52
2021-08-19,-0.35
2021-08-20,-0.43
2021-08-21,-0.65
2021-08-22,-0.34
2021-08-23,-0.58
2021-08-24,-0.09
2021-08-25,-0.2
2021-08-26,-0.17
2021-08-27,-0.23
2021-08-28,-0.43
2021-08-29,-0.4
2021-08-30,-0.38
2021-08-31,-0.29
2021-09-01,-0.62
2021-09-02,-0.45
2021-09-03,-0.42
2021-09-04,-0.2
2021-09-05,-0.21
2021-09-06,-0.2
2021-09-07,-0.58
2021-09-08,-0.49
2021-09-09,-0.37
2021-09-10,-0.33
2021-09-11,-0.18
2021-09-12,-0.68
2021-09-13,-0.63
2021-09-14,-0.56
2021-09-15,-0.64
2021-09-16,-0.66
2021-09-17,-0.92
2021-09-18,-0.37
2021-09-19,-0.38
2021-09-20,-0.38
2021-09-21,-0.26
2021-09-22,-0.62
2021-09-23,-0.64
2021-09-24,-0.53
2021-09-25,-0.32
2021-09-26,-0.64
2021-09-27,-0.29
2021-09-28,-0.56
2021-09-29,-0.62
2021-09-30,-0.17
2021-10-01,-0.34
2021-10-02,-0.48
2021-10-03,-0.4
2021-10-04,-0.22
2021-10-05,-0.33
2021-10-06,-0.31
2021-10-07,-0.3
2021-10-08,-0.21
2021-10-09,-0.03
2021-10-10,-0.64
2021-10-11,-0.6
2021-10-12,-0.54
2021-10-13,-0.78
2021-10-14,-0.61
2021-10-15,-0.64
2021-10-16,-0.57
2021-10-17,-0.18
2021-10-18,-0.18
2021-10-19,-0.05
2021-10-20,-0.25
2021-10-21,-0.47
2021-10-22,-0.5
2021-10-23,-0.45
2021-10-24,-0.55
2021-10-25,-0.67
2021-10-26,-0.45
2021-10-27,-0.3
2021-10-28,-0.52
2021-10-29,-0.4
2021-10-30,-0.46
2021-10-31,-0.41
2021-11-01,-0.34
2021-11-02,-0.37
2021-11-03,-0.5
2021-11-04,-0.53
2021-11-05,-0.62
2021-11-06,-0.39
2021-11-07,-0.51
2021-11-08,-0.44
2021-11-09,-0.76
2021-11-10,-0.63
2021-11-11,-0.36
2021-11-12,-0.55
2021-11-13,-0.73
2021-11-14,-0.52
2021-11-15,-0.3
2021-11-16,-0.53
2021-11-17,-0.6
2021-11-18,-0.52
2021-11-19,-0.43
2021-11-20,-0.37
2021-11-21,-0.56
2021-11-22,-0.67
2021-11-23,-0.59
2021-11-24,-0.67
2021-11-25,-0.54
2021-11-26,-0.43
2021-11-27,-0.31
2021-11-28,-0.32
2021-11-29,-0.57
2021-11-30,-0.74
2021-12-01,-0.53
2021-12-02,-0.54
2021-12-03,-0.42
2021-12-04,-0.53
2021-12-05,-0.48
2021-12-06,-0.65
2021-12-07,-0.26
2021-12-08,-0.31
2021-12-09,-0.36
2021-12-10,-0.27
2021-12-11,-0.48
2021-12-12,-0.48
2021-12-13,-0.53
2021-12-14,-0.23
2021-12-15,-0.44
2021-12-16,-0.22
2021-12-17,-0.36
2021-12-18,-0.1
2021-12-19,-0.15
2021-12-20,-0.26
2021-12-21,-0.28
2021-12-22,0.22
2021-12-23,-0.3
2021-12-24,-0.42
2021-12-25,-0.13
2021-12-26,-0.58
2021-12-27,-0.33
2021-12-28,-0.45
2021-12-29,-0.41
2021-12-30,-0.56
2021-12-31,-0.27
2022-01-01,-0.62
2022-01-02,-0.18
2022-01-03,-0.17
2022-01-04,-0.66
2022-01-05,-0.27
2022-01-06,-0.45
2022-01-07,-0.39
2022-01-08,-0.21
2022-01-09,-0.24
2022-01-10,-0.32
2022-01-11,-0.37
2022-01-12,-0.54
2022-01-13,-0.3
2022-01-14,-0.49
2022-01-15,-0.4
2022-01-16,-0.39
2022-01-17,-0.33
2022-01-18,-0.68
2022-01-19,-0.38
2022-01-20,-0.73
2022-01-21,-0.79
2022-01-22,-0.48
2022-01-23,-0.35
2022-01-24,-0.4
2022-01-25,-0.57
2022-01-26,-0.47
2022-01-27,-0.26
2022-01-28,-0.46
2022-01-29,-0.48
2022-01-30,-0.06
2022-01-31,0.01
2022-02-01,-0.33
2022-02-02,-0.15
2022-02-03,-0.14
2022-02-04,-0.28
2022-02-05,-0.73
2022-02-06,0.18
2022-02-07,-0.2
2022-02-08,-0.01
2022-02-09,0.18
2022-02-10,0.17
2022-02-11,-0.16
2022-02-12,-0.39
2022-02-13,-0.05
2022-02-14,-0.12
2022-02-15,-0.33
2022-02-16,-0.24
2022-02-17,-0.32
2022-02-18,-0.02
2022-02-19,-0.4
2022-02-20,-0.41
2022-02-21,-0.12
2022-02-22,-0.31
2022-02-23,-0.23
2022-02-24,-0.07
2022-02-25,-0.44
2022-02-26,-0.46
2022-02-27,-0.63
2022-02-28,-0.33
2022-03-01,-0.42
2022-03-02,-0.22
2022-03-03,-0.25
2022-03-04,-0.39
2022-03-05,-0.11
2022-03-06,-0.47
2022-03-07,-0.14
2022-03-08,-0.41
2022-03-09,-0.19
2022-03-10,-0.27
2022-03-11,-0.52
2022-03-12,0.13
2022-03-13,-0.59
2022-03-14,-0.27
2022-03-15,-0.59
2022-03-16,-0.45
2022-03-17,-0.76
2022-03-18,-0.35
2022-03-19,-0.68
2022-03-20,-0.4
2022-03-21,-0.11
2022-03-22,-0.25
2022-03-23,-0.67
2022-03-24,-0.18
2022-03-25,-0.46
2022-03-26,-0.1
2022-03-27,-0.53
2022-03-28,-0.68
2022-03-29,-0.37
2022-03-30,-0.24
2022-03-31,-0.41
2022-04-01,0.08
2022-04-02,-0.61
2022-04-03,-0.54
2022-04-04,-0.3
2022-04-05,-0.16
2022-04-06,-0.18
2022-04-07,-0.58
2022-04-08,-0.62
2022-04-09,-0.68
2022-04-10,-0.47
2022-04-11,-0.24
2022-04-12,-0.09
2022-04-13,-0.47
2022-04-14,-0.31
2022-04-15,-0.64
2022-04-16,-0.47
2022-04-17,-0.51
2022-04-18,-0.44
2022-04-19,-0.33
2022-04-20,-0.5
2022-04-21,-0.53
2022-04-22,-0.54
2022-04-23,-0.46
2022-04-24,-0.47
2022-04-25,-0.22
2022-04-26,-0.48
2022-04-27,-0.63
2022-04-28,-0.38
2022-04-29,-0.62
2022-04-30,-0.61
2022-05-01,-0.48
2022-05-02,-0.48
2022-05-03,-0.29
2022-05-04,-0.63
2022-05-05,-0.51
2022-05-06,-0.06
2022-05-07,-0.58
2022-05-08,-0.21
2022-05-09,-0.45
2022-05-10,-0.37
2022-05-11,-0.33
2022-05-12,-0.32
2022-05-13,-0.69
2022-05-14,-0.41
2022-05-15,-0.49
2022-05-16,-0.22
2022-05-17,-0.11
2022-05-18,-0.3
2022-05-19,-0.71
2022-05-20,-0.48
2022-05-21,-0.6
2022-05-22,-0.62
2022-05-23,-0.48
2022-05-24,-0.68
2022-05-25,-0.37
2022-05-26,-0.47
2022-05-27,-0.61
2022-05-28,-0.65
2022-05-29,-0.69
2022-05-30,-0.72
2022-05-31,-0.36
2022-06-01,-0.78
2022-06-02,-0.53
2022-06-03,-0.15
2022-06-04,-0.42
2022-06-05,-0.42
2022-06-06,-0.64
2022-06-07,-0.28
2022-06-08,-0.26
2022-06-09,-0.61
2022-06-10,-0.58
2022-06-11,-0.37
2022-06-12,-0.6
2022-06-13,-0.44
2022-06-14,-0.43
2022-06-15,-0.34
2022-06-16,-0.44
2022-06-17,-0.49
2022-06-18,-0.37
2022-06-19,-0.49
2022-06-20,-0.59
2022-06-21,-0.31
2022-06-22,-0.52
2022-06-23,-0.56
2022-06-24,-0.75
2022-06-25,-0.2
2022-06-26,-0.26
2022-06-27,-0.34
2022-06-28,-0.54
2022-06-29,-0.06
2022-06-30,-0.28
2022-07-01,-0.46
2022-07-02,-0.41
2022-07-03,-0.33
2022-07-04,-0.4
2022-07-05,-0.53
2022-07-06,-0.5
2022-07-07,-0.54
2022-07-08,-0.53
2022-07-09,-0.71
2022-07-10,-0.4
2022-07-11,-0.5
2022-07-12,-0.26
2022-07-13,-0.58
2022-07-14,-0.33
2022-07-15,-0.5
2022-07-16,-0.55
2022-07-17,-0.53
2022-07-18,-0.54
2022-07-19,-0.26
2022-07-20,-0.38
2022-07-21,-0.4
2022-07-22,-0.22
2022-07-23,-0.46
2022-07-24,-0.49
2022-07-25,-0.27
2022-07-26,-0.67
2022-07-27,-0.5
2022-07-28,-0.6
2022-07-29,-0.44
2022-07-30,-0.39
2022-07-31,-0.25
2022-08-01,-0.87
2022-08-02,-0.42
2022-08-03,-0.52
2022-08-04,-0.59
2022-08-05,-0.2
2022-08-06,-0.24
2022-08-07,-0.4
2022-08-08,-0.9
2022-08-09,-0.56
2022-08-10,-0.32
2022-08-11,-0.06
2022-08-12,-0.6
2022-08-13,-0.58
2022-08-14,-0.7
2022-08-15,0.16
2022-08-16,-0.56
2022-08-17,-0.64
2022-08-18,-0.58
2022-08-19,-0.3
2022-08-20,-0.63
2022-08-21,-0.65
2022-08-22,-0.04
2022-08-23,-0.41
2022-08-24,-0.29
2022-08-25,-0.51
2022-08-26,-0.56
2022-08-27,-0.7
2022-08-28,-0.54
2022-08-29,-0.44
2022-08-30,-0.52
2022-08-31,-0.38
2022-09-01,-0.63
2022-09-02,-0.83
2022-09-03,-0.58
2022-09-04,-0.69
2022-09-05,-0.56
2022-09-06,-0.53
2022-09-07,-0.51
2022-09-08,-0.37
2022-09-09,-0.33
2022-09-10,-0.66
2022-09-11,-0.43
2022-09-12,-0.51
2022-09-13,-0.51
2022-09-14,-0.79
2022-09-15,-0.37
2022-09-16,-0.49
2022-09-17,-0.52
2022-09-18,-0.48
2022-09-19,-0.18
2022-09-20,-0.9
2022-09-21,-0.34
2022-09-22,-0.63
2022-09-23,-0.62
2022-09-24,-0.59
2022-09-25,-0.37
2022-09-26,-0.72
2022-09-27,-0.38
2022-09-28,-0.32
2022-09-29,-0.74
2022-09-30,-0.14
2022-10-01,-0.56
2022-10-02,-0.68
2022-10-03,-0.37
2022-10-04,-0.49
2022-10-05,-0.51
2022-10-06,-0.33
2022-10-07,-0.37
2022-10-08,-0.66
2022-10-09,-0.62
2022-10-10,-0.34
2022-10-11,-0.64
2022-10-12,-0.32
2022-10-13,-0.42
2022-10-14,-0.21
2022-10-15,-0.48
2022-10-16,-0.51
2022-10-17,-0.79
2022-10-18,-0.76
2022-10-19,-0.78
2022-10-20,-0.61
2022-10-21,-0.34
2022-10-22,-0.49
2022-10-23,-0.23
2022-10-24,-0.44
2022-10-25,-0.12
2022-10-26,-0.23
2022-10-27,-0.08
2022-10-28,-0.08
2022-10-29,-0.23
2022-10-30,-0.39
2022-10-31,-0.15
2022-11-01,-0.07
2022-11-02,0.08
2022-11-03,-0.26
2022-11-04,-0.2
2022-11-05,-0.4
2022-11-06,0.08
2022-11-07,-0.19
2022-11-08,0.31
2022-11-09,-0.09
2022-11-10,0.12
2022-11-11,-0.25
2022-11-12,0.33
2022-11-13,-0.24
2022-11-14,-0.15
2022-11-15,-0.23
2022-11-16,-0.27
2022-11-17,-0.43
2022-11-18,-0.37
2022-11-19,-0.11
2022-11-20,-0.38
2022-11-21,-0.44
2022-11-22,-0.46
2022-11-23,-0.39
2022-11-24,-0.18
2022-11-25,-0.53
2022-11-26,-0.05
2022-11-27,-0.38
2022-11-28,-0.23
2022-11-29,-0.41
2022-11-30,-0.36
2022-12-01,-0.49
2022-12-02,-0.05
2022-12-03,-0.38
2022-12-04,-0.27
2022-12-05,-0.07
2022-12-06,-0.41
2022-12-07,-0.22
2022-12-08,-0.33
2022-12-09,-0.17
2022-12-10,-0.17
2022-12-11,-0.18
2022-12-12,-0.14
2022-12-13,-0.32
2022-12-14,-0.33
2022-12-15,-0.2
2022-12-16,-0.29
2022-12-17,-0.17
2022-12-18,-0.13
2022-12-19,-0.73
2022-12-20,-0.28
2022-12-21,-0.35
2022-12-22,-0.16
2022-12-23,-0.64
2022-12-24,-0.35
2022-12-25,-0.4
2022-12-26,-0.47
2022-12-27,-0.07
2022-12-28,-0.27
2022-12-29,-0.44
2022-12-30,-0.11
2022-12-31,-0.06
2023-01-01,-0.33
2023-01-02,0.14
2023-01-03,-0.44
2023-01-04,-0.27
2023-01-05,-0.53
2023-01-06,-0.63
2023-01-07,-0.08
2023-01-08,-0.32
2023-01-09,-0.43
2023-01-10,-0.16
2023-01-11,-0.22
2023-01-12,-0.12
2023-01-13,-0.08
2023-01-14,-0.55
2023-01-15,-0.25
2023-01-16,-0.18
2023-01-17,-0.17
2023-01-18,-0.13
2023-01-19,-0.22
2023-01-20,0.16
2023-01-21,0.19
2023-01-22,-0.41
2023-01-23,0.07
2023-01-24,-0.13
2023-01-25,-0.59
2023-01-26,-0.6
2023-01-27,-0.01
2023-01-28,-0.29
2023-01-29,-0.5
2023-01-30,-0.32
2023-01-31,-0.19
2023-02-01,-0.2
2023-02-02,-0.21
2023-02-03,0.01
2023-02-04,-0.08
2023-02-05,-0.04
2023-02-06,0.28
2023-02-07,-0.31
2023-02-08,-0.56
2023-02-09,-0.18
2023-02-10,-0.29
2023-02-11,-0.3
2023-02-12,0.11
2023-02-13,-0.29
2023-02-14,-0.44
2023-02-15,-0.63
2023-02-16,0.1
2023-02-17,-0.32
2023-02-18,0.16
2023-02-19,-0.11
2023-02-20,-0.02
2023-02-21,-0.06
2023-02-22,-0.4
2023-02-23,-0.24
2023-02-24,0.06
2023-02-25,-0.48
2023-02-26,0.4
2023-02-27,-0.62
2023-02-28,-0.27
2023-03-01,0.09
2023-03-02,-0.16
2023-03-03,0.07
2023-03-04,-0.4
2023-03-05,-0.29
2023-03-06,-0.03
2023-03-07,-0.17
2023-03-08,0.24
2023-03-09,-0.19
2023-03-10,-0.23
2023-03-11,-0.28
2023-03-12,-0.47
2023-03-13,-0.07
2023-03-14,-0.37
2023-03-15,0.02
2023-03-16,-0.16
2023-03-17,-0.24
2023-03-18,-0.11
2023-03-19,-0.05
2023-03-20,-0.58
2023-03-21,-0.78
2023-03-22,-0.44
2023-03-23,-0.3
2023-03-24,-0.26
2023-03-25,-0.37
2023-03-26,-0.34
2023-03-27,0.09
2023-03-28,-0.22
2023-03-29,-0.31
2023-03-30,-0.25
2023-03-31,-0.52
2023-04-01,-0.32
2023-04-02,0.18
2023-04-03,-0.21
2023-04-04,-0.18
2023-04-05,-0.12
2023-04-06,-0.19
2023-04-07,-0.2
2023-04-08,-0.29
2023-04-09,0.22
2023-04-10,0.29
2023-04-11,-0.33
2023-04-12,-0.07
2023-04-13,0.05
2023-04-14,-0.62
2023-04-15,-0.33
2023-04-16,-0.02
2023-04-17,-0.25
2023-04-18,-0.53
2023-04-19,-0.26
2023-04-20,-0.22
2023-04-21,-0.29
2023-04-22,-0.05
2023-04-23,-0.32
2023-04-24,-0.39
2023-04-25,-0.51
2023-04-26,0.03
2023-04-27,-0.34
2023-04-28,-0.31
2023-04-29,0.05
2023-04-30,-0.02
2023-05-01,0.18
2023-05-02,-0.03
2023-05-03,-0.35
2023-05-04,-0.5
2023-05-05,-0.54
2023-05-06,0.04
2023-05-07,-0.2
2023-05-08,-0.14
2023-05-09,0.39
2023-05-10,-0.33
2023-05-11,0.01
2023-05-12,-0.13
2023-05-13,-0.15
2023-05-14,0.07
2023-05-15,-0.41
2023-05-16,-0.38
2023-05-17,0.05
2023-05-18,-0.42
2023-05-19,-0.56
2023-05-20,-0.01
2023-05-21,-0.07
2023-05-22,-0.19
2023-05-23,-0.14
2023-05-24,0.09
2023-05-25,-0.22
2023-05-26,-0.11
2023-05-27,-0.57
2023-05-28,-0.12
2023-05-29,0.08
2023-05-30,0.22
2023-05-31,-0.22
2023-06-01,-0.0
2023-06-02,-0.02
2023-06-03,-0.0
2023-06-04,-0.38
2023-06-05,-0.23
2023-06-06,-0.08
2023-06-07,-0.26
2023-06-08,-0.66
2023-06-09,-0.01
2023-06-10,-0.34
2023-06-11,0.26
2023-06-12,-0.18
2023-06-13,-0.26
2023-06-14,-0.05
2023-06-15,0.15
2023-06-16,0.07
2023-06-17,-0.08
2023-06-18,0.19
2023-06-19,0.23
2023-06-20,-0.24
2023-06-21,-0.07
2023-06-22,0.07
2023-06-23,-0.06
2023-06-24,0.01
2023-06-25,-0.41
2023-06-26,-0.09
2023-06-27,-0.23
2023-06-28,-0.47
2023-06-29,-0.5
2023-06-30,-0.12
2023-07-01,-0.5
2023-07-02,-0.57
2023-07-03,-0.3
2023-07-04,-0.56
2023-07-05,-0.38
2023-07-06,-0.41
2023-07-07,0.01
2023-07-08,-0.39
2023-07-09,0.13
2023-07-10,-0.22
2023-07-11,-0.15
2023-07-12,0.08
2023-07-13,-0.09
2023-07-14,-0.41
2023-07-15,0.11
2023-07-16,-0.57
2023-07-17,-0.34
2023-07-18,0.29
2023-07-19,-0.49
2023-07-20,-0.35
2023-07-21,-0.01
2023-07-22,-0.41
2023-07-23,-0.35
2023-07-24,-0.21
2023-07-25,0.49
2023-07-26,-0.31
2023-07-27,-0.23
2023-07-28,-0.04
2023-07-29,-0.23
2023-07-30,-0.39
2023-07-31,0.02
2023-08-01,-0.28
2023-08-02,0.09
2023-08-03,-0.42
2023-08-04,-0.23
2023-08-05,-0.27
2023-08-06,-0.41
2023-08-07,0.23
2023-08-08,-0.27
2023-08-09,-0.38
2023-08-10,-0.38
2023-08-11,-0.17
2023-08-12,-0.43
2023-08-13,-0.15
2023-08-14,-0.16
2023-08-15,-0.38
2023-08-16,-0.29
2023-08-17,-0.34
2023-08-18,-0.64
2023-08-19,0.08
2023-08-20,-0.3
2023-08-21,-0.36
2023-08-22,-0.25
2023-08-23,0.16
2023-08-24,-0.11
2023-08-25,-0.5
2023-08-26,-0.48
2023-08-27,-0.34
2023-08-28,0.24
2023-08-29,-0.12
2023-08-30,-0.1
2023-08-31,-0.56
2023-09-01,-0.16
2023-09-02,-0.26
2023-09-03,-0.57
2023-09-04,-0.37
2023-09-05,-0.31
2023-09-06,-0.27
2023-09-07,-0.37
2023-09-08,0.26
2023-09-09,0.1
2023-09-10,0.06
2023-09-11,-0.33
2023-09-12,-0.21
2023-09-13,-0.18
2023-09-14,-0.34
2023-09-15,-0.22
2023-09-16,-0.23
2023-09-17,-0.46
2023-09-18,-0.38
2023-09-19,-0.32
2023-09-20,0.01
2023-09-21,-0.34
2023-09-22,-0.1
2023-09-23,0.34
2023-09-24,-0.14
2023-09-25,-0.01
2023-09-26,-0.48
2023-09-27,-0.09
2023-09-28,-0.29
2023-09-29,-0.13
2023-09-30,-0.19
2023-10-01,-0.34
2023-10-02,-0.74
2023-10-03,-0.51
2023-10-04,-0.47
2023-10-05,-0.33
2023-10-06,0.08
2023-10-07,-0.08
2023-10-08,0.01
2023-10-09,-0.49
2023-10-10,0.16
2023-10-11,-0.06
2023-10-12,-0.1
2023-10-13,-0.35
2023-10-14,-0.34
2023-10-15,-0.06
2023-10-16,-0.32
2023-10-17,-0.19
2023-10-18,-0.32
2023-10-19,0.07
2023-10-20,-0.38
2023-10-21,-0.31
2023-10-22,0.11
2023-10-23,-0.27
2023-10-24,0.14
2023-10-25,-0.36
2023-10-26,0.07
2023-10-27,0.0
2023-10-28,0.17
2023-10-29,0.15
2023-10-30,-0.09
2023-10-31,0.17
2023-11-01,0.34
2023-11-02,-0.64
2023-11-03,-0.2
2023-11-04,-0.44
2023-11-05,-0.12
2023-11-06,-0.37
2023-11-07,-0.09
2023-11-08,-0.45
2023-11-09,-0.25
2023-11-10,-0.34
2023-11-11,-0.16
2023-11-12,-0.2
2023-11-13,0.14
2023-11-14,-0.39
2023-11-15,-0.26
2023-11-16,0.3
2023-11-17,-0.31
2023-11-18,-0.26
2023-11-19,-0.22
2023-11-20,-0.28
2023-11-21,-0.29
2023-11-22,-0.34
2023-11-23,0.22
2023-11-24,-0.2
2023-11-25,-0.07
2023-11-26,-0.06
2023-11-27,-0.32
2023-11-28,-0.16
2023-11-29,0.02
2023-11-30,-0.02
2023-12-01,0.01
2023-12-02,-0.32
2023-12-03,-0.28
2023-12-04,0.06
2023-12-05,-0.05
2023-12-06,0.07
2023-12-07,-0.13
2023-12-08,-0.63
2023-12-09,0.0
2023-12-10,-0.52
2023-12-11,-0.29
2023-12-12,-0.13
2023-12-13,-0.25
2023-12-14,-0.15
2023-12-15,-0.22
2023-12-16,-0.15
2023-12-17,-0.44
2023-12-18,-0.66
2023-12-19,-0.28
2023-12-20,0.09
2023-12-21,-0.18
2023-12-22,-0.59
2023-12-23,-0.14
2023-12-24,0.13
2023-12-25,-0.22
2023-12-26,-0.34
2023-12-27,0.11
2023-12-28,-0.44
2023-12-29,0.03
2023-12-30,-0.22
2024-01-01,-1.0
2024-01-15,-1.0
2024-02-01,-1.0
2024-02-15,-0.48
2024-03-01,-0.81
2024-05-01,-1.0
2024-06-01,-0.82
2024-08-05,-0.5
2024-11-25,-0.5
2024-11-26,-0.16
2026-03-13,0.0
2026-03-16,0.34
2026-03-17,1.0
2026-03-18,-0.32
